"gene_id","sample_01","sample_02","sample_03","sample_04","sample_05","sample_06","sample_07","sample_08","sample_09","sample_10","sample_11","sample_12","sample_13","sample_14","sample_15","sample_16","sample_17","sample_18","sample_19","sample_20","sample_21","sample_22","sample_23","sample_24"
"ENST00000570099.1 gene=YPEL3",934,1336,935,1366,1221,621,1015,404,634,903,997,1515,863,1521,1789,732,2547,857,2318,1057,1392,854,996,1763
"ENST00000589123.1 gene=NFIC",11707,19546,26513,8393,15798,10073,38207,4915,8647,14700,14811,16860,14504,12474,23157,5385,34695,12625,26643,16986,17892,11193,17677,27072
"ENST00000360314.3 gene=CASS4",5869,13493,9102,8567,7792,4769,7991,6580,2338,1211,11062,7945,4640,7198,10597,4514,12595,5220,14311,6299,4847,4282,6558,7924
"ENST00000456159.1 gene=MET",1285,1853,1603,1065,962,922,695,1441,822,1012,2427,1311,1092,2166,2851,995,2926,1030,2695,1892,1866,1141,1301,2179
"ENST00000555834.1 gene=RPS6KL1",3641,13493,11344,9885,14025,5419,7525,10132,6262,7278,12626,12137,7608,10954,18305,8259,22105,7809,17401,9643,11503,8637,10420,15011
"ENST00000248564.5 gene=GNG11",5416,4818,11634,4086,2727,5759,8591,2559,4687,4230,5746,4348,6541,9640,14884,5240,10506,4608,11584,5562,6939,3647,5607,8708
"ENST00000418210.2 gene=TMEM64",5658,10538,4117,6975,7538,5233,6738,4619,2674,4308,7357,6969,5488,7097,11754,5528,11556,6564,19085,8478,7668,5019,7483,10817
"ENST00000337859.6 gene=ZC3H15",3189,7959,2047,7261,6631,1277,5752,3296,3717,4393,6043,4867,3154,2946,10330,4341,10354,4170,6743,4806,4621,3950,6778,6514
"ENST00000317802.7 gene=TSPYL6",5048,8137,6462,7031,4952,2294,8001,5447,1057,3251,5812,2469,3560,6103,9743,4522,8330,3805,9694,6897,6746,4169,5763,11375
"ENST00000263773.5 gene=FNBP4",13423,22830,10586,2961,13433,6205,18548,10982,3595,3745,18577,9970,8950,7368,18800,8187,19028,9393,29004,13103,11635,7451,10339,6840
"ENST00000267622.4 gene=TRIP11",16008,8548,26470,22937,9636,16932,26387,16456,9071,10326,24036,11602,11176,17332,26698,10805,24875,10182,44904,19178,12910,14761,13550,18271
"ENST00000267294.4 gene=ZIC5",2787,23230,22599,26836,16512,10736,16397,12384,10876,13966,26811,16633,8908,17833,17948,7902,23315,5671,32267,16148,10318,10846,9532,19232
"ENST00000420223.1 gene=ZCWPW2",1192,2105,1770,2672,2022,1492,3999,1749,1118,368,1405,1318,1262,1885,3520,1366,3609,1438,3875,1509,2440,1389,1473,2616
"ENST00000316737.1 gene=TSPAN16",2793,2787,5302,3007,2989,549,1881,1016,1062,2438,3568,3126,1939,2467,2573,964,3447,1349,4028,1631,2847,2188,2179,3838
"ENST00000433477.3 gene=CTSO",6354,6786,2738,4593,6147,2123,4589,5319,2181,2062,3380,5842,3128,6910,9647,4109,12046,4121,2313,5715,5262,3763,4116,5424
"ENST00000598661.1 gene=AL136376.1",693,281,737,998,446,316,588,492,443,604,849,431,526,889,1109,501,1431,489,1229,608,768,539,400,618
"ENST00000324093.4 gene=PLXND1",92829,121806,121015,67958,62898,34466,30648,81291,61824,111277,166399,108560,27487,65388,75387,43872,159404,53885,6085,62963,68771,28209,30383,72439
"ENST00000482796.1 gene=RP11-101E3.5",530,1844,587,795,1186,366,368,478,562,375,764,1110,376,1077,1724,606,1591,597,2204,609,1352,425,1152,548
"ENST00000381035.4 gene=MARCH2",5527,3131,2938,4812,14416,616,5002,5727,4676,4463,20752,7068,2909,5217,8825,1756,6630,5002,14099,8644,2987,5277,2670,5947
"ENST00000302006.3 gene=IRX1",5508,8088,6341,1372,11590,3926,5397,5249,5499,4002,4503,3272,2141,5397,4486,4440,5301,2674,5937,4576,4340,2464,4575,10596
"ENST00000343823.6 gene=ASH2L",5371,18159,17129,5997,10127,6242,8712,1703,8778,4060,12517,15504,6002,9324,11733,5123,15169,8262,16083,7414,4766,6193,9770,12766
"ENST00000329967.6 gene=SIVA1",972,1360,1802,1130,1670,1141,1164,436,482,849,1177,1565,1078,1372,2249,1101,2650,1139,1686,1193,1378,1411,977,1634
"ENST00000281924.6 gene=TMEM163",11130,14056,9861,9278,1457,8168,11727,9035,9410,10002,3212,4361,4782,9597,10652,8685,23428,7054,12818,11000,3670,7857,6578,10847
"ENST00000548147.1 gene=KANSL2",7840,1863,5463,1791,5267,3125,4575,6176,1621,4423,5943,1074,2646,1621,7235,3488,5300,2025,4246,2947,2662,2303,3875,2186
"ENST00000411466.2 gene=SRCAP",829,3061,3279,677,2445,1130,1719,1573,571,412,3755,1465,1469,1711,1435,1272,3556,860,4084,2248,1976,715,1310,1657
"ENST00000600003.1 gene=ZNF44",8578,21074,15536,13261,26984,3485,22684,17982,2694,5374,15897,4084,6609,11641,18951,5181,6194,4978,1763,10753,10247,2126,11423,8312
"ENST00000487519.1 gene=TFAM",3415,7061,10212,6001,6771,4382,6953,5146,3102,4303,6556,5751,6634,10252,13201,5348,13845,5974,15884,8518,8486,6382,6973,10853
"ENST00000253108.4 gene=EIF3G",1277,944,1595,1626,1532,933,1459,1063,482,774,1491,861,1064,2106,2672,1254,2867,1311,3622,1822,1891,1487,1475,2354
"ENST00000595616.1 gene=AL031320.1",75,73,49,43,30,22,90,50,39,13,176,29,74,117,131,55,194,73,160,104,101,65,103,104
"ENST00000253247.4 gene=NOL11",3299,3900,3099,3302,3762,1940,3995,2473,1096,2058,2965,3042,2990,5208,7270,3163,6996,3125,8982,4632,4766,3227,3263,5362
"ENST00000467509.1 gene=OMA1",264,525,383,427,511,269,329,414,237,371,729,421,363,543,1116,432,1474,433,960,752,753,363,631,744
"ENST00000544604.2 gene=ZNRF3",12880,11488,9840,7919,5626,8647,15892,12992,2698,6097,11219,10617,7857,17467,16621,8793,21050,9604,16163,9270,13976,10905,8671,13732
"ENST00000271332.3 gene=CELSR2",11654,9258,12205,13649,15009,8520,15006,8362,6859,6078,15673,8628,12047,19231,22534,11605,27257,11478,26547,16229,18648,9686,12792,20841
"ENST00000560875.1 gene=RNF31",1090,1832,1465,663,1496,468,1126,550,846,297,1364,1030,929,1087,1614,992,2453,919,1615,1350,443,1064,560,1452
"ENST00000340650.3 gene=NHLRC1",3687,3558,3702,4163,3716,2184,1868,2558,1390,1718,3468,2826,3516,4141,6619,2453,7669,3563,8044,4412,3522,2399,3226,5295
"ENST00000233710.3 gene=ACADL",5278,7276,9714,2941,2825,3103,5381,5344,3650,4053,3351,4327,4344,5580,5366,3675,5978,4137,2110,5611,6823,4763,2981,8979
"ENST00000237853.4 gene=ELL2",43806,43277,36790,27695,39971,3125,14099,14253,15030,9868,45979,29209,11699,26913,21785,12216,45281,16175,34994,17487,26635,25038,19229,39757
"ENST00000537453.1 gene=CCDC77",427,937,846,501,244,231,691,781,191,270,404,463,410,694,1294,396,1024,499,1051,406,726,346,496,863
"ENST00000465804.1 gene=WWTR1",6403,4566,4921,3996,7586,3787,7967,3746,1991,5343,5637,6619,5960,9346,7710,3206,10775,6479,17150,6938,8150,4917,4686,10073
"ENST00000252891.4 gene=NUMBL",6088,2253,7484,5161,5523,6239,8880,4195,3143,3086,8512,3312,5487,6982,12147,6713,15775,5145,14906,9170,6216,4731,5479,9075
"ENST00000231188.5 gene=GRM6",12132,19236,24031,19900,14337,8146,13719,11698,6734,10559,5170,17262,11822,13673,25084,9530,30332,13281,18936,8163,20318,10736,8416,19278
"ENST00000302558.3 gene=RGPD8",31334,54619,53219,53147,28900,2770,35037,8161,10673,29162,42981,41212,16104,29815,54828,12404,14205,13928,23078,11819,41248,26599,33723,11605
"ENST00000302472.3 gene=PTGER4",5894,7769,9762,6981,10313,5086,5431,4867,2767,3855,3124,4610,4691,8388,11826,5045,14094,5296,12257,7841,8148,5786,6379,7915
"ENST00000465019.1 gene=ZNF343",7414,20175,3679,12976,25574,3726,11003,2853,13122,15644,21984,6260,1014,8647,5400,6966,21432,7042,20411,3408,13471,6896,8275,18508
"ENST00000391995.2 gene=RGS13",4087,10525,10263,3672,8944,833,10695,4683,3370,6509,10155,10387,2025,7151,11919,5755,8413,2590,8407,7052,6247,4333,5115,11948
"ENST00000296777.4 gene=CARTPT",1924,806,3897,1907,4830,1366,3239,2117,1140,3245,3183,3157,1294,2397,3137,1103,3160,1994,3345,1427,1839,802,3111,3770
"ENST00000238994.5 gene=PPP1R3C",1787,3330,3144,2790,2408,1723,1808,1978,1359,1729,2362,3279,3048,4000,5588,2534,6931,2481,8982,3357,4175,2576,3411,5123
"ENST00000396420.3 gene=POMGNT1",3231,24323,10587,6640,15233,1618,5383,11629,7074,4925,20914,22869,9926,9891,11518,8248,16171,4159,25150,13753,9541,10063,15222,12295
"ENST00000310236.3 gene=CHRD",907,2048,1396,500,528,697,2114,563,625,514,638,634,540,1004,1936,499,2155,1004,1711,1236,1354,860,946,2072
"ENST00000454177.1 gene=SNRK",4008,4798,4314,7647,3415,4699,7528,3170,1303,1338,6948,5219,4716,4587,8562,3766,6984,3013,10981,5983,5010,4945,3843,7318
"ENST00000243167.8 gene=FAAH",41945,49013,88446,58639,95967,41682,51185,26515,15323,44068,63433,20428,11364,30143,42394,17678,61862,25749,51421,21251,50577,30358,28770,1241
"ENST00000369215.4 gene=PRDM13",5501,8202,6532,3508,3385,3203,7275,2783,2370,3325,2217,1698,3506,4612,4945,2638,10146,3468,7128,4793,3844,3664,4976,6375
"ENST00000587252.1 gene=ZNF581",1404,2368,1466,1964,954,1117,1887,1312,883,861,1686,1254,1495,2328,3546,1448,4077,1669,4289,2264,1916,1365,1810,2852
"ENST00000388948.3 gene=LRRK1",11753,26705,18574,11688,19973,12677,11424,14475,8952,3572,10513,14195,13580,13955,25838,9286,15881,11310,31758,17126,15300,7409,18620,22815
"ENST00000432063.2 gene=PPP1R32",1318,1995,2164,1850,2001,1595,2119,783,2056,1679,2655,2426,1471,2715,4257,1526,3892,1429,4324,2766,2117,877,1385,3080
"ENST00000533462.1 gene=CD3G",5121,6948,4722,2841,4315,3008,1060,4888,3092,2737,5202,2982,3262,4654,6787,2227,6683,3131,6578,3103,3866,2320,3190,5227
"ENST00000225402.5 gene=AATF",3742,6088,2037,7125,3315,4317,10097,6366,1426,988,2427,6410,3420,6786,5721,2097,9492,3986,5905,5191,5843,4239,3423,5459
"ENST00000368081.4 gene=ATP1A4",10426,7481,8733,2769,9049,5664,11657,5521,2660,4194,5476,8955,6109,7346,13062,4645,15143,8576,19913,7363,7201,2836,7094,11141
"ENST00000496876.1 gene=NEUROD1",1420,1311,1842,3080,1261,1472,474,778,2891,1444,4252,1139,622,3544,2703,1950,5433,1603,5632,2236,2935,2333,820,1365
"ENST00000589615.1 gene=ZNF527",1490,706,1645,1539,547,785,1019,1616,797,716,1236,1178,960,807,1534,814,1762,601,2204,1156,1211,782,1289,1708
"ENST00000478328.1 gene=FSCN3",1689,656,747,920,1659,741,1759,365,905,850,1409,722,1027,1164,1331,982,2006,728,2232,1595,1308,878,959,2791
"ENST00000225525.3 gene=TAX1BP3",1286,1419,1802,1366,1221,1291,1700,1150,616,789,1219,1037,1503,2455,3004,1393,3662,1415,3928,1886,2067,1447,1750,3009
"ENST00000539907.1 gene=ALPL",10184,16278,15565,8344,3392,7256,16230,15822,5365,6816,23669,15896,1531,2615,7913,4604,7826,7470,27847,11105,1016,8232,8704,6572
"ENST00000576461.1 gene=RP11-81K2.1",361,532,657,446,445,346,841,638,175,323,292,261,533,639,863,505,626,470,1082,661,627,444,392,1015
"ENST00000389524.4 gene=MYO7B",19414,19726,12864,8512,28105,11119,17636,17642,6614,3159,23302,8397,7547,27864,28632,8713,17508,11023,30573,12968,10900,9739,11502,17290
"ENST00000526520.1 gene=NPIPA3",616,1265,967,820,740,745,829,635,369,639,899,980,741,1562,2011,832,2675,1103,2699,1431,1252,988,1073,1828
"ENST00000538609.1 gene=CYP4X1",2358,6186,4954,5556,1819,1256,3642,4541,3083,2539,3437,3819,2427,3747,7032,3503,9068,2189,8310,3589,3717,3948,3445,5635
"ENST00000394396.1 gene=TMEM155",34146,71505,54189,44655,39517,24484,37886,44553,14182,38606,40757,9707,29573,28823,1264,23201,26145,22341,96559,26010,7271,26639,13145,51044
"ENST00000528743.2 gene=KRTAP5-9",2195,4170,2299,3610,1435,688,1158,980,527,1133,2697,4142,612,3572,3412,1535,7042,1186,5540,1805,2522,2207,1553,4082
"ENST00000360448.3 gene=SYTL3",2105,4515,4605,2873,4782,2608,4639,1252,1952,3635,5815,3984,2754,5184,6671,3259,8085,4083,6694,4256,5311,3698,3009,5205
"ENST00000245865.5 gene=STRADA",10719,11205,7132,16323,15034,4772,7632,12876,1105,3694,8804,6623,3487,5270,17901,5558,11705,6675,15522,5234,7492,4595,6646,10031
"ENST00000375885.4 gene=CSNK2B",1638,1263,2822,3648,3305,834,904,2384,630,978,2359,2726,1613,2697,3564,1660,3837,1139,2411,1679,1611,1299,2155,2313
"ENST00000592432.1 gene=PRCD",21212,2849,20559,12139,29039,11020,25356,9364,12391,13491,19100,14145,8028,22277,12252,15474,27050,6153,24076,15414,14532,11229,6919,15449
"ENST00000506187.1 gene=CHAD",1138,1249,873,1676,1121,556,911,1021,221,658,902,1330,1015,1197,1351,772,2092,920,2392,1307,1062,752,953,1668
"ENST00000355387.2 gene=RNF220",2886,6268,7000,5565,5082,3775,4722,2092,1721,1513,2658,3101,3357,6425,8835,3197,8017,3076,7803,5170,4127,3074,3115,8034
"ENST00000432715.1 gene=ADCY1",1791,7136,4343,5270,6590,5163,6599,989,1846,3646,6291,4883,2535,2911,5707,3012,10204,3532,8634,3554,3860,2435,3256,5846
"ENST00000338882.4 gene=METTL24",928,1001,1114,1526,1525,966,1590,1429,593,744,1836,1369,1401,1907,2619,1258,3318,1121,3527,1631,1333,1225,1465,2263
"ENST00000587954.1 gene=PODNL1",1752,1265,1140,1415,1969,1000,1711,1926,769,860,1999,771,1581,2354,2673,1419,3172,1307,3966,1456,2101,1424,1603,2345
"ENST00000511608.1 gene=KLKB1",4582,6156,5182,2717,11462,3719,2156,4336,5200,4580,7122,7773,4817,6155,11397,4410,10998,4566,19300,4994,8577,5499,5985,9418
"ENST00000532255.1 gene=MROH1",6140,16962,17293,16271,15854,15855,23349,2173,9772,15261,16121,15103,9486,15999,25474,8330,22949,3584,20134,17188,11805,8239,7194,17778
"ENST00000446034.2 gene=TARM1",3442,6543,3645,4551,3554,2375,2156,2627,1780,1506,1066,3037,3415,2174,5036,1524,3199,2896,5761,2037,2915,1902,2234,3856
"ENST00000317012.4 gene=ZBED2",1406,7769,5896,6016,5022,1950,6211,8990,1631,6339,4415,5382,2669,3803,7183,2734,9484,3055,8421,5996,4886,2636,3883,5656
"ENST00000435820.2 gene=ZNF257",9009,5578,6294,2687,13448,1804,10300,8311,8734,5583,3909,17115,6332,8228,9700,7199,15688,6326,19991,11457,4078,6951,5491,11236
"ENST00000251412.7 gene=TUBG2",3423,2712,2030,1328,5427,2203,1537,1887,1524,1406,2432,2155,2429,2646,3764,1941,5662,1904,7803,2509,3964,2434,3122,3366
"ENST00000603759.1 gene=USO1",870,785,370,1470,346,1126,1046,858,303,157,518,1399,332,701,841,574,757,394,1760,485,393,639,804,1304
"ENST00000355774.2 gene=MLH3",5376,11756,8616,5610,9580,4509,7653,8110,3114,4454,8621,6651,9206,11872,17511,7548,18945,8299,25833,10862,12226,9672,8598,18511
"ENST00000418917.2 gene=TFG",1068,4295,4481,1695,4337,1283,5087,2191,841,3193,4819,2448,2498,3578,4881,1478,5363,1856,4373,2526,3087,2265,1952,5705
"ENST00000310791.2 gene=REP15",2576,3931,3853,2925,2537,498,3480,827,899,748,2349,2113,1602,1134,3763,1747,4033,2310,4008,1880,1848,1810,1692,2047
"ENST00000560883.1 gene=TM2D3",685,1066,981,856,816,532,756,580,376,577,848,671,853,1227,1747,943,2333,856,2399,1202,1336,905,1060,1827
"ENST00000266673.5 gene=TMEM19",4083,7021,5396,3985,5209,3353,6007,5025,1876,2922,7059,3242,5246,7173,9982,4945,12247,5066,14343,6421,6618,5371,6220,9584
"ENST00000560844.1 gene=RP13-996F3.5",19900,26136,31900,34499,17401,14578,21216,26064,6860,16932,3848,3818,11621,4299,18953,9535,29516,9637,45823,14051,11018,10439,11258,9611
"ENST00000526995.1 gene=TRAF6",5664,13185,4090,4148,10549,4730,10384,6189,3327,3766,10422,4077,7333,5484,8752,7853,14000,3191,8931,7337,8761,1725,10589,10981
"ENST00000419748.1 gene=EIF2AK3",8401,13770,14860,7341,3435,5308,10721,8032,4422,7114,12932,12569,4718,8691,16189,7194,14505,6498,18997,9934,7403,7155,7430,9190
"ENST00000367090.3 gene=TMEM181",7662,10804,27494,10970,15026,2749,10934,10163,7581,8986,10738,8414,6140,7040,22562,9734,13548,13331,22337,12062,9835,5671,8282,17970
"ENST00000328278.3 gene=LRRC14B",13112,14585,20295,8694,20018,5275,11980,8906,7912,5861,1421,3241,5188,6762,22242,4608,15020,6145,27156,7587,17167,6965,6822,12849
"ENST00000312637.4 gene=FAM174A",3415,4739,5243,4772,8188,2800,4373,4206,2251,2605,3497,3592,2127,3871,3606,3958,7137,3077,9784,655,3843,3327,2641,7055
"ENST00000424792.1 gene=C1orf195",1345,1265,187,651,1429,604,622,317,402,548,557,264,585,725,1145,658,1764,352,970,797,1198,678,741,750
"ENST00000339852.4 gene=NCCRP1",1230,2744,2436,2249,2827,1804,4259,3637,3182,2543,2271,1607,1938,5216,5439,2070,5365,1449,6273,4251,4592,2113,2940,4157
"ENST00000252087.1 gene=PCDHGC5",8324,20455,10692,15561,18116,9394,4012,12731,7217,11276,22663,9424,7658,13216,23466,5068,27191,12357,29067,13709,10332,9743,8184,13873
"ENST00000397468.1 gene=RFPL3",1069,1716,2154,1333,1163,840,2239,1105,483,571,1369,1890,1175,1308,2495,1103,2709,1188,3429,1786,1811,1156,1273,2234
"ENST00000264162.2 gene=LCT",9710,17487,14735,12723,11538,6894,9352,7946,3724,5173,5603,7176,6709,14342,21221,7020,25088,7036,17899,11918,7158,7278,11452,15210
"ENST00000269373.6 gene=FN3KRP",2902,1701,2802,1489,2702,1819,3618,2565,1319,1601,1975,2068,1940,2265,4663,2020,3118,1988,5913,2799,3331,2081,1943,2827
"ENST00000302312.4 gene=AHSP",575,882,1095,502,410,337,1037,459,332,397,878,884,801,800,1295,632,1703,752,1247,798,1069,747,691,1159
"ENST00000487099.2 gene=NR6A1",8022,14251,19018,9846,7633,4904,8761,3667,8074,8105,6410,8603,6829,10882,18857,9009,19746,6805,20453,10522,13923,7544,7644,17878
"ENST00000411912.1 gene=USP34",30159,10850,50208,27153,22856,13455,15523,6934,1529,28292,31492,26169,18009,21423,37888,17415,23183,12311,24014,14370,24763,7575,4453,28598
"ENST00000556508.1 gene=CEP170B",15029,5860,13267,7594,5681,7180,9618,11694,5487,4589,8991,8239,8434,12053,18412,11135,22252,6131,20405,11880,13613,8936,9838,19490
"ENST00000604560.1 gene=BIN2",3175,4633,8111,8409,3925,946,3918,3713,2588,3781,5452,6966,3526,3493,8450,4583,9611,2888,9666,4712,5555,3556,3774,5042
"ENST00000401061.4 gene=MMACHC",13010,11019,6571,2042,3762,6024,11244,8146,4403,7581,16447,10532,3839,15125,18507,9969,31312,9331,12018,13561,10730,6765,5151,18045
"ENST00000421974.2 gene=ATP6V0E2",1831,3386,2900,2614,2684,1289,2799,1836,1073,1659,2641,2591,3056,4230,5340,2619,6762,2655,8128,3772,3439,2712,2951,4941
"ENST00000407120.1 gene=LL22NC03-63E9.3",27829,31038,8425,13107,32686,22784,30959,6882,4114,1496,44635,27935,1022,18341,29092,5584,30630,14380,33992,4080,15675,20086,14144,20781
"ENST00000420228.1 gene=AL953854.2",6045,16725,16652,5640,9784,12637,12910,9385,5910,5622,3739,15581,9327,9258,12781,8376,18357,8552,18722,12574,11503,3973,8216,12219
"ENST00000366261.2 gene=AC092964.1",257,369,609,210,394,437,448,362,258,203,593,107,329,574,563,241,960,264,1076,444,425,314,235,501
"ENST00000589444.1 gene=PTPN2",9393,8356,16855,1678,13975,9434,10674,2750,6279,8243,16360,13069,5658,6610,13732,6347,12343,2757,19874,10239,9476,5246,7283,17424
"ENST00000436584.2 gene=CD33",1835,1965,3456,1154,2533,904,2637,1308,1687,1577,1436,3103,1686,1834,2870,1430,4727,1767,5379,2290,2615,1822,2645,3951
"ENST00000501499.1 gene=RP11-181C3.1",2351,1609,3264,2928,2728,2808,4775,3709,2096,2288,3264,2970,2738,3476,5213,2047,8797,2949,7975,2795,4181,1797,2507,5173
"ENST00000373968.3 gene=MBL2",5003,6164,5884,3900,3988,2407,3381,4034,2042,1613,6745,3022,3780,6105,7163,3829,9297,3796,10448,6462,3908,4035,4192,6789
"ENST00000490035.2 gene=LSAMP",10130,22881,9493,17069,18058,14544,14729,8791,4290,13864,7873,7539,14203,13891,29378,12187,28989,12329,23616,9713,8624,6672,21364,17964
"ENST00000327930.2 gene=OR6X1",8035,10238,12425,7071,7189,505,6544,5497,2365,8628,7538,5054,4209,5164,8193,1873,9637,5755,5308,7423,6263,2904,6046,9567
"ENST00000379198.2 gene=B3GALT6",18644,12808,17623,10947,19133,7387,24389,7128,7581,1305,14942,16076,7826,13954,11931,4509,24165,8958,23418,13647,11222,6235,8053,15852
"ENST00000357877.2 gene=SEMA4F",13754,22527,17465,9141,19835,16862,6884,2390,9130,15245,10036,7491,6425,11097,14228,9399,18790,10518,22154,15885,9129,14180,10009,13561
"ENST00000373764.3 gene=MORN5",3603,4275,583,2640,2082,386,6119,1644,1532,2558,6683,1871,2342,5945,2620,1657,2296,984,3905,3624,3800,1240,1843,6500
"ENST00000461096.2 gene=TAF13",2910,5918,894,4360,6263,1593,4356,2270,2586,3036,3419,4163,2675,3408,5704,2668,6462,2625,6147,2359,3696,3260,2302,4868
"ENST00000371236.2 gene=DAB1",3696,5532,8803,5817,5010,5363,6506,3009,2508,5000,6828,6315,6273,7009,12864,6802,14484,5181,12868,8202,9048,5600,5982,12423
"ENST00000523764.1 gene=ALG11",1051,2442,2349,2198,2403,772,3640,1953,1526,651,3237,2182,1670,2882,4348,1203,4118,1473,3748,2397,1685,1250,1713,2755
"ENST00000283916.6 gene=TMPRSS11D",8719,17353,13773,9408,17182,5986,2267,9702,7280,3892,20980,12938,5233,12554,8384,7004,19925,8755,21422,10376,7801,6222,6245,19396
"ENST00000485046.1 gene=PLOD1",639,1822,2291,3324,2487,1939,2990,1010,1727,1395,2284,1764,2130,2814,3344,1864,3304,2138,4456,2350,2041,1753,1564,3105
"ENST00000368737.3 gene=S100A12",421,664,644,642,515,325,694,507,205,352,363,531,577,914,1047,543,1551,541,1576,818,683,534,577,1077
"ENST00000555699.1 gene=LGMN",6258,3830,4150,2967,5371,6699,6949,5434,631,3244,5234,4965,4253,6578,12091,3608,5913,2797,10688,2362,2827,2272,4607,7995
"ENST00000599727.1 gene=C15ORF31",257,257,266,131,250,142,237,215,167,216,129,216,205,274,389,213,419,197,403,332,242,211,182,309
"ENST00000426208.1 gene=TUBA8",421,594,1182,465,928,634,555,546,362,592,1055,454,703,1098,1418,624,1895,574,1448,969,641,819,825,1344
"ENST00000244043.4 gene=PTGIS",13864,11421,9400,5144,7757,8256,16094,3138,7545,2617,4751,7705,9243,8628,10406,5599,15305,7108,25020,12369,14829,9320,8181,17825
"ENST00000526809.1 gene=TM7SF2",746,1197,1142,689,1111,619,805,603,573,535,1090,1057,1075,1344,1751,778,2548,943,2916,1138,1112,880,1135,1695
"ENST00000369061.4 gene=FGFR2",13399,10907,17492,17098,15090,7785,7170,7024,4379,6171,13756,2714,8685,9174,18203,8027,12292,6513,12916,10564,11836,8002,6730,11381
"ENST00000452034.1 gene=KDM3A",742,1658,1582,1015,942,507,532,1156,413,1221,1605,1563,899,1697,2190,1140,1473,1116,1604,1581,1751,1010,1047,1747
"ENST00000441561.1 gene=DNAJB6",2343,3579,1345,1002,950,1092,1111,1620,1100,851,1759,1935,1230,1489,1994,1489,3767,1302,4382,1765,1667,1085,1426,1765
"ENST00000255882.6 gene=PI4KA",7264,9225,8539,6269,8547,3122,5826,7904,5084,7065,12261,7623,6437,12148,15878,6071,18894,6724,18002,9380,9358,7681,10418,12188
"ENST00000598007.1 gene=AL121761.2",278,568,560,756,858,863,833,315,170,166,1178,414,597,655,1002,534,1443,502,626,817,880,681,639,1042
"ENST00000367807.3 gene=BLZF1",5972,7210,10094,8558,3193,3175,2158,5237,3689,4196,1027,2847,3459,4765,7622,2585,8251,1901,6894,4011,4705,2455,2919,6803
"ENST00000375205.2 gene=CCDC180",5137,5863,10779,7757,4707,3630,1599,1796,2547,5156,7171,3453,1121,1762,5409,2373,9109,3633,7255,4525,2576,2577,4493,5561
"ENST00000368908.5 gene=LYSMD1",5209,7506,7126,8494,7889,2210,7708,5592,948,2332,12044,3587,3989,7392,7106,4387,14517,2408,10858,5487,6131,4663,4770,8368
"ENST00000409526.1 gene=AC062017.1",4908,6930,329,4196,2234,2585,3396,4568,1200,2459,2904,6961,1563,2279,5038,2755,7422,1477,3877,2364,3174,1541,1957,2361
"ENST00000407471.3 gene=GUCD1",19256,27182,54129,29261,57744,24780,38446,20938,3428,39601,36562,68015,1068,24397,18286,19339,30339,16905,32583,36186,26352,21736,16337,35997
"ENST00000305428.3 gene=KIAA1024",10524,15776,12730,7793,5542,4024,13650,5431,5690,5734,10228,12135,7738,11887,21769,7672,23571,8612,19509,12215,11072,8036,8381,21417
"ENST00000283033.5 gene=TXNDC11",2036,2699,3117,2290,2612,1603,2822,1837,1231,1534,2768,2249,3181,4577,6484,2750,7256,2940,8347,4396,4413,3114,3615,6053
"ENST00000496811.1 gene=DHX36",18977,34244,49146,26540,34289,12888,44187,11935,20015,3173,49850,20785,13782,7578,40247,11332,19890,16084,57024,15063,11998,5487,17754,20480
"ENST00000377298.4 gene=CLSTN1",9671,9626,7363,3605,10126,5776,7758,4401,4614,4270,9934,9984,6289,10560,13204,7183,18556,4475,16789,10341,9122,6560,8265,15636
"ENST00000326291.6 gene=PIBF1",2021,9626,6649,4776,6269,3489,5153,4666,3979,3018,7167,5825,4743,4644,10344,4709,7263,6366,10980,6673,4074,4641,5874,6149
"ENST00000506414.1 gene=USP17L21",5689,7684,1448,7282,4114,5264,6851,6076,3960,4910,3776,2621,5218,4132,5187,3314,7889,715,7392,6649,2554,4429,4164,8906
"ENST00000397801.1 gene=ROBO3",9744,20239,16725,8920,26155,2179,17171,11619,6261,6122,8780,9565,11783,16944,20264,7900,25039,14978,12163,9838,8279,8958,8230,11729
"ENST00000369393.3 gene=MDN1",11442,51238,44614,50704,27880,15199,63130,53049,19438,25697,76258,32492,24227,44494,50648,20863,72617,33834,87682,61831,29879,31726,43505,56147
"ENST00000290429.6 gene=MCAT",6294,1818,23908,21554,12163,11680,14455,7721,9269,10961,17185,18527,10387,5452,15541,7242,20443,13087,7539,12870,10334,4837,7148,15566
"ENST00000483354.1 gene=ITPA",1300,1272,1245,1454,910,1048,1294,765,437,657,1228,1211,1417,1445,2234,1147,3392,1203,2846,1746,2025,1086,1392,2039
"ENST00000269097.4 gene=G6PC3",5065,7658,7095,2354,8328,9810,4850,7265,685,8067,10634,1110,2055,10480,10468,2408,16338,5590,7737,8850,3613,4408,5867,8729
"ENST00000400900.2 gene=APITD1-CORT",1805,4332,1458,4832,2085,1966,2284,1143,912,1749,2002,1113,2153,3392,4651,1676,4618,2296,6830,1927,2950,1390,2049,3262
"ENST00000369541.3 gene=BCAS2",1383,1043,1535,1487,1852,1251,1391,760,893,720,1198,997,1327,2213,3143,1544,3962,1590,3373,1575,2166,1509,1678,3162
"ENST00000608763.1 gene=GAS6",3292,4341,4333,3614,2061,2861,5743,1913,1520,3329,5532,2855,2955,5051,6474,3229,7666,3572,8352,4464,4809,3640,4038,6468
"ENST00000502732.1 gene=ABL2",13373,36911,10796,11453,28276,12063,27903,16253,13558,9622,24820,17737,9324,15850,28883,21269,59934,15203,38579,23373,21187,18737,16054,32963
"ENST00000536642.1 gene=FKBP2",1541,879,596,405,635,429,686,828,442,504,1293,800,510,1450,2168,711,1670,612,1978,1353,1258,692,786,1285
"ENST00000338437.2 gene=CA7",1708,1848,1298,2528,2569,1068,2666,1248,1056,799,1656,1830,2153,2238,1645,1882,5137,2143,4673,2052,2396,1657,2086,3317
"ENST00000389749.4 gene=TRMT61A",3202,5312,3619,2279,5018,2516,3997,3443,1539,2173,5169,3734,2844,5065,8723,4007,8744,3082,9827,4696,6215,3442,4440,6362
"ENST00000262144.6 gene=WDR59",3110,3264,6586,15154,12306,5708,6076,9180,4216,5977,11560,9699,7159,8432,11564,7716,15084,6120,24042,6918,8039,7945,8909,12190
"ENST00000335195.6 gene=POLM",2195,3589,2770,1811,1975,1882,3499,2422,1726,1518,2754,1980,2704,4274,5129,2762,6573,2350,6283,3066,3564,2696,2626,5292
"ENST00000335137.3 gene=OR4F5",5099,9876,10315,5856,11695,3339,7653,4528,709,1418,8124,2945,2875,440,6871,3198,3425,3321,11377,2925,1696,4073,3662,5994
"ENST00000281456.6 gene=SLC25A4",4391,7345,13310,14106,5858,9027,8483,2387,7782,2511,6366,7522,6272,9968,18984,9343,19713,8165,17753,13195,7766,7187,7863,12405
"ENST00000366924.2 gene=PLG",3167,4584,1308,3476,3946,2063,5779,2660,415,1316,5219,2835,1505,2852,6592,1946,6268,2194,4817,4075,3409,2275,2155,4665
"ENST00000434248.1 gene=ZNF780B",18863,29381,23534,12817,20466,19188,19187,4770,14166,5016,21573,25566,11307,23838,23529,15643,34618,11386,46863,21089,18888,14366,9163,18744
"ENST00000333976.4 gene=OR5D18",1390,1390,1224,1197,1041,768,860,599,488,662,1208,893,1294,1953,2440,964,2814,996,2821,1332,1473,1024,1363,2019
"ENST00000323776.5 gene=MYCBPAP",2295,4478,4814,2310,3754,2171,2854,3097,2117,2567,4037,4106,3614,4780,7959,3571,9015,4084,9024,4872,4595,3211,4136,6818
"ENST00000356918.4 gene=NEK11",1350,2528,2663,1356,1814,866,1774,1694,1427,1458,2058,2388,1523,2720,4303,1859,5018,2047,4231,2512,2982,1919,2233,4149
"ENST00000582730.2 gene=SRSF1",10425,2633,14794,7228,9737,4933,10802,5314,4771,5306,15619,9829,5772,9595,14477,9206,14597,6447,23386,12477,9187,7442,7508,12322
"ENST00000295324.3 gene=CDC42EP3",12321,4698,7442,14310,17592,11221,10094,10112,4331,11911,23038,27326,6586,21979,11834,11530,26321,10343,26992,16859,18742,7585,10357,12590
"ENST00000396634.1 gene=HLA-A",3462,9835,9701,1228,10897,4865,14336,7595,4726,4174,8390,4105,3580,8249,11632,5907,12747,4651,6564,5090,7810,3065,4059,8579
"ENST00000476772.1 gene=VEGFA",3267,2823,2059,1467,2768,1592,1891,913,2295,1218,3392,2040,2100,3477,4994,2075,4050,2301,6080,3646,2851,1954,2474,4350
"ENST00000591843.1 gene=STX10",1248,2904,1439,2213,759,2130,3399,1707,1530,2402,2390,1957,1680,2402,3597,1556,4238,1657,4480,2296,2350,1511,1936,2607
"ENST00000250572.8 gene=EMR1",2736,5951,7247,6529,9263,2720,4068,10197,4894,2112,26537,8923,4538,1468,2071,3438,13009,5299,18927,8727,8859,3875,3930,12307
"ENST00000603700.1 gene=URGCP-MRPS24",1347,934,1235,1093,851,703,1566,941,792,398,1661,964,924,978,2506,954,1980,594,2229,1050,1722,913,863,1613
"ENST00000604011.1 gene=RNF103-CHMP3",1459,2417,5382,3076,985,2535,2590,3066,2699,1286,3400,2251,2112,3450,6521,545,1923,1158,4246,4342,2242,1324,1705,2183
"ENST00000431391.1 gene=RP11-447L10.1",623,1173,814,681,563,634,742,499,311,442,583,464,707,1078,1352,666,1845,834,2366,1131,1194,820,879,1283
"ENST00000459785.1 gene=GATSL3",2033,6673,2671,5486,4045,3159,377,892,1653,462,4295,4925,1992,3144,2355,423,6203,1955,4973,1462,2469,2518,1267,3361
"ENST00000307630.3 gene=YWHAG",6550,3807,7429,8452,6228,5034,8631,3396,1414,3063,6614,7295,4266,6739,5018,2558,12971,5893,13193,5990,4556,3036,3877,10187
"ENST00000254722.4 gene=SERPINF1",3488,3660,2728,4900,3496,2429,4523,3485,1270,2714,2704,1270,2582,3505,5447,3132,9173,3156,10253,4928,4383,3953,2548,4924
"ENST00000416007.4 gene=MBIP",2717,4253,1932,2367,4759,3608,1585,1596,640,1126,1557,2463,2772,3718,6733,2175,7745,2063,7090,2312,3993,1957,2421,6080
"ENST00000416608.1 gene=OCM",454,2241,2080,1747,1711,477,1726,1426,541,748,2030,1094,836,1140,1477,701,1221,817,1825,1608,728,1221,1575,2080
"ENST00000256646.2 gene=NOTCH2",46087,42505,28543,36517,30759,13996,16229,39487,9297,20605,51536,8230,17963,19544,15819,21854,54357,14291,61924,30838,22783,17605,30768,34254
"ENST00000367576.5 gene=LTV1",1170,3425,4166,4720,2447,1906,4090,2053,1820,1441,3606,3281,2822,2744,4198,2343,5829,2417,7273,3887,4838,2753,2280,5717
"ENST00000555109.1 gene=RP11-80A15.1",716,850,908,806,1250,439,1016,588,328,433,726,875,778,1279,1597,805,2060,882,1948,1161,1192,1114,925,1931
"ENST00000503640.1 gene=UGT2A1",12727,11925,16692,6145,14689,6034,2205,13150,7998,6691,14497,12013,7161,6786,9660,5309,10148,6532,16374,7410,10864,6761,7630,10335
"ENST00000537561.1 gene=NUDT16",9635,12471,17689,9399,17555,6322,13752,3440,9109,7270,19378,13078,7917,12729,23520,6705,13477,9656,25908,17180,10383,7464,9446,18929
"ENST00000520001.1 gene=ADAM18",462,3242,5505,2489,3109,2484,3210,2062,1315,1044,2340,3345,1686,2521,4254,1121,4200,1641,1985,1987,2382,1415,1670,3419
"ENST00000344517.4 gene=ABCB10",2561,112963,139121,69029,149244,36801,93127,72364,44498,39216,84467,71950,45024,48338,81340,45658,72021,34019,106758,50537,38816,36374,65671,93538
"ENST00000352241.4 gene=MITF",34109,37160,50849,8761,21786,20470,71479,63409,24435,33698,4200,14073,11775,33278,52283,28602,74592,22968,47471,36896,30448,9219,8502,41127
"ENST00000254321.5 gene=ZNF700",6200,3641,2266,4246,3562,3105,6580,4019,4621,3739,3674,2965,3872,5209,5585,3029,5977,2819,8119,4246,4116,1321,2754,5813
"ENST00000292174.4 gene=CXCR5",6597,7162,5557,10509,3514,5691,7339,5859,2104,2349,6181,7083,5390,5740,9884,5658,14359,3797,15437,5896,7963,5442,7166,10469
"ENST00000361727.3 gene=CNTNAP2",9834,19573,8796,19528,15795,15225,16113,13836,8013,10250,16611,14251,13010,18656,25301,14140,27794,13815,33672,19992,19085,13385,19484,24375
"ENST00000566216.1 gene=DDX19B",1338,1341,1024,513,706,681,1386,954,527,714,1395,1184,1130,1439,2009,801,2627,962,2593,1552,1386,886,1138,1968
"ENST00000314103.5 gene=CHAF1B",3199,8064,9368,8275,7013,3838,4004,5531,5081,6386,12153,8129,5484,6151,13646,4581,14231,3931,14462,7102,9854,4579,7584,9479
"ENST00000261250.3 gene=C12orf4",4724,9068,3533,10286,6459,4216,3098,3076,2880,4854,8531,8600,4859,5880,11327,4609,10791,5571,9506,8909,7104,5006,5089,7940
"ENST00000452236.2 gene=SCAND3",4401,5087,5415,4274,6486,3748,6219,2806,3728,2210,9720,8084,5835,6986,10470,6103,13294,6267,13014,7921,6803,5785,7679,9185
"ENST00000308078.7 gene=TBC1D3C",12551,8172,11711,15039,12801,1106,5662,3924,4814,9342,12428,8532,4952,11356,12618,3600,16989,4934,10633,10287,7998,6899,5196,16932
"ENST00000554668.1 gene=DUX4L5",2781,5800,4129,2069,4223,3003,1848,3428,589,3534,3715,4105,2381,3292,5542,2451,7555,2740,5660,2710,3081,1810,2653,3315
"ENST00000563915.1 gene=MVP",1194,1432,1157,1083,1146,746,1654,945,489,375,1720,578,935,1542,1403,1138,2197,899,2676,1602,1271,1053,1226,1977
"ENST00000267750.4 gene=EMC4",954,5472,5088,1678,843,1073,5364,3646,2943,1339,3889,2466,4037,2278,768,2215,6063,1114,4919,2980,4636,1445,1886,5729
"ENST00000361168.5 gene=CLK2",4237,6668,8813,11851,8615,4168,1548,3587,1780,5978,9555,7046,4583,5495,7925,2657,7861,3770,7474,4888,5040,2646,2647,5736
"ENST00000495929.3 gene=ZNF48",1081,1312,753,689,860,188,1105,478,549,559,508,1097,553,1242,1198,547,1367,605,1907,971,847,456,838,1303
"ENST00000335288.4 gene=ATP4B",8302,5685,6405,5151,6853,9254,2694,4479,2517,1520,8876,1138,3739,4376,6910,5901,12275,3094,8620,4922,5579,3253,2502,10271
"ENST00000467375.2 gene=RHBG",774,649,1876,869,1346,662,1628,588,437,691,1728,717,1054,1389,2248,868,2648,869,2658,1350,1573,1032,1190,1607
"ENST00000463425.1 gene=C20orf78",2643,4093,2463,389,3485,2223,2100,2395,2575,2450,6075,2127,1331,2547,1845,1711,5061,2254,6316,2596,2970,2990,2788,2730
"ENST00000552491.1 gene=LIMA1",1706,3143,3705,3502,3469,1819,4099,2174,1289,1696,4569,3086,2743,5558,6384,3478,6127,3845,5775,4473,4236,2391,3069,6309
"ENST00000251166.4 gene=CORO7",5402,10051,11317,4064,11387,3934,8468,6212,2809,5023,3110,9522,4145,5322,5750,7340,11556,3966,10278,5612,5892,5721,4894,7618
"ENST00000206423.3 gene=CCDC80",10091,11084,10532,8323,12566,2208,5309,9729,5385,9084,12521,15648,8414,16689,5915,5770,13780,5136,12881,6141,10959,8199,6915,15452
"ENST00000276704.4 gene=C8orf76",3025,2643,6455,5954,4257,1800,5844,2557,3118,2173,6965,927,2403,2254,4752,1599,10431,2592,6960,2083,3236,2557,2715,2528
"ENST00000278937.2 gene=MPZL2",4648,3323,4838,5285,5179,2686,5098,2420,2067,1274,5126,4193,3318,6397,6606,4356,9378,3041,11275,4231,3891,4131,4004,7578
"ENST00000315567.8 gene=MRPL1",973,1867,3456,2199,2734,2128,2422,1391,1057,1623,2003,2207,2083,2300,4024,1588,4250,1650,4491,2390,2709,1784,2124,2737
"ENST00000522470.1 gene=TMEM68",2270,1985,2621,1331,2180,1850,2595,1259,1517,1283,3315,454,1585,1978,3078,1436,4110,1818,2965,2154,1783,1607,1567,2768
"ENST00000255266.5 gene=PDE6A",5557,7508,13014,4008,7336,2998,13056,7046,4601,7552,12154,14354,8334,13296,15938,8152,25463,7298,20191,12791,11719,6569,6250,9816
"ENST00000581396.1 gene=TOM1L2",4288,15794,12179,3900,5873,5433,12943,5986,2333,4716,14155,10006,8481,12262,18493,6020,20266,8113,22839,9098,13461,7791,8882,11214
"ENST00000595083.1 gene=AC012493.2",2467,12618,2450,4068,6360,4642,2122,1772,117,3215,7883,2203,2382,4718,9184,1292,10365,3826,8082,3220,4560,712,2604,4702
"ENST00000519696.1 gene=FABP12",492,431,908,1453,537,315,604,827,367,327,1337,691,738,650,1404,921,1798,464,1883,1039,946,607,665,573
"ENST00000360375.3 gene=LRRCC1",7609,7181,4522,11363,2973,2212,3536,2409,2378,1938,8120,8995,4147,6534,14799,4187,13463,3615,14355,4947,7501,6567,6206,12484
"ENST00000588915.1 gene=VMP1",264,499,453,166,364,319,328,259,68,105,301,322,260,358,517,288,757,245,641,376,371,250,254,640
"ENST00000575584.1 gene=ACSM5",878,8443,6482,10369,4148,5695,11090,3625,3463,1413,11840,9886,3187,4427,5854,2756,8427,3849,10300,5603,1910,2718,2877,5786
"ENST00000382533.4 gene=SAP18",4324,1932,4865,1752,2838,3445,2199,2832,1023,3476,2853,6142,3782,5743,7330,3220,9758,3254,5523,5421,4006,2632,4969,5449
"ENST00000583268.1 gene=WIPF2",3624,4321,4463,3039,3823,294,3714,1770,2372,1482,2143,1856,1819,2985,5291,2260,4477,1207,4685,2752,2235,1291,1153,1982
"ENST00000494138.1 gene=RP11-126K1.2",652,937,1035,1277,1122,135,1138,434,751,1005,923,665,397,480,1251,611,1557,638,1936,843,1020,745,439,1344
"ENST00000435869.1 gene=FAM180A",3991,2996,5051,3894,5434,1022,3655,1911,664,1936,929,3736,2129,1952,2746,1927,4463,1057,4177,2956,2651,2709,2830,1784
"ENST00000525790.1 gene=TDRKH",1433,2210,2000,2271,2065,1136,1862,1612,790,1399,2726,1740,2285,3393,4966,2361,5393,2291,6347,3352,3201,2479,2661,3918
"ENST00000312251.3 gene=NAGPA",7493,11284,13097,2623,9658,3670,1884,10425,2486,4510,10438,6219,1135,5913,6174,4014,13856,5714,7346,3053,7144,2191,1781,9228
"ENST00000380371.1 gene=OR51A2",2174,2293,887,2589,1883,1396,2305,1821,1361,900,1046,2414,1388,1899,3144,1195,3774,1398,3749,1715,2935,1041,1748,2832
"ENST00000594664.1 gene=AC006486.9",781,876,1120,1047,500,571,1251,502,424,755,966,1175,809,932,2217,749,1724,772,1461,1024,1355,812,919,1188
"ENST00000489356.1 gene=FGD2",2993,7329,4749,4192,2818,2178,1290,2645,554,2432,5081,2964,1372,3952,4795,2978,5855,1681,6555,3572,3037,1614,2567,2809
"ENST00000420826.2 gene=SUMO2",4552,2454,7373,4865,6531,4953,5254,4052,519,2333,6104,5034,3040,3237,5433,3281,5035,2560,4558,5991,2674,2379,1605,6010
"ENST00000252250.6 gene=KRT6C",2123,5474,5966,4554,1854,3904,4537,2370,2620,2721,3748,4241,2559,5408,8165,2346,6663,3401,8719,5474,4935,3106,4127,6209
"ENST00000292577.7 gene=ABHD17A",2034,1825,6382,4206,1457,1106,3406,2175,1364,1071,1483,3587,2898,4559,2604,3865,7350,3037,4675,2867,4619,3349,3230,5121
"ENST00000238831.4 gene=YIPF4",12585,11000,15810,11125,16057,7549,13527,9458,4477,10152,13057,14053,13195,19285,24757,12790,34649,13761,35581,20595,19866,15036,15650,23270
"ENST00000596096.1 gene=ZNF788",317,879,1011,845,673,507,756,679,232,241,1190,602,671,1103,1340,584,1945,550,1665,1050,865,684,707,1091
"ENST00000383836.3 gene=SRGAP3",62252,30874,108061,91410,41863,15107,29664,39112,51407,41785,60019,36871,2645,49334,75634,37089,63310,52508,75627,58795,63311,34804,45395,88607
"ENST00000341795.3 gene=SSUH2",13132,23825,28922,9176,16083,14598,21366,8500,7908,7352,26624,8488,5373,7975,17491,7501,24965,8046,21782,10847,859,6732,3873,10425
"ENST00000359959.3 gene=OR2L3",694,1487,1452,1274,1405,744,779,830,606,647,1544,1239,850,1616,1938,854,2177,1112,2581,1405,1435,1038,1405,2069
"ENST00000451356.2 gene=NTF4",1114,6320,6171,8300,3315,3214,8390,8517,2371,5691,5916,5254,3125,6276,5131,3029,9343,4680,9949,6793,5266,3858,3594,7405
"ENST00000594544.1 gene=AL035406.1",67,111,53,83,50,25,57,81,27,51,77,83,84,104,146,77,234,76,234,136,99,74,83,193
"ENST00000609971.1 gene=AC005358.1",4866,7380,3539,3616,3862,1605,2261,1187,1912,3718,2605,2881,2362,4697,6380,2700,5602,2802,7237,3255,2984,2105,2915,4565
"ENST00000417961.1 gene=SLC9A8",14934,5205,20504,10413,14818,7976,21476,10605,8515,7322,24040,24878,12897,21446,19282,13568,18820,9668,32660,13791,15779,6949,10383,16894
"ENST00000518156.2 gene=DLX6",5699,4839,6254,3965,1816,5314,7405,1744,2397,2784,4214,5934,3092,5617,7263,3640,10817,3592,8849,4625,4852,3812,4989,6424
"ENST00000539652.1 gene=TMBIM4",4718,7205,7377,5358,5627,2934,8923,1672,2993,412,4042,3965,3495,4722,7756,2761,9156,3140,7245,3710,3840,3451,4127,6269
"ENST00000599263.1 gene=CNTD2",695,870,606,1113,945,310,903,425,332,619,832,523,851,1070,1479,745,1749,797,1680,1044,978,655,793,1653
"ENST00000555004.1 gene=C14orf132",6459,9439,6626,6167,6330,4752,8734,5809,3963,4051,9133,5571,7194,11186,15382,6955,19294,7901,18706,10209,10204,7769,8448,14435
"ENST00000593756.1 gene=FGF21",1678,2211,2160,1003,1535,769,1865,1017,524,872,2224,2070,1632,1908,3982,1635,3978,1430,3072,2005,1760,1775,1423,3340
"ENST00000551896.1 gene=SOAT2",1565,2640,1715,376,1228,1306,2297,1289,643,1175,3216,2082,1114,1531,2538,1176,2279,1125,2788,1185,1709,1065,1409,3272
"ENST00000478117.1 gene=ARHGEF19",6458,7190,7636,7706,9202,1054,8535,5053,1022,4640,5890,8187,3961,6247,5259,3665,7926,3576,8524,4941,5081,4532,5427,6062
"ENST00000521913.1 gene=DPYSL2",6464,6611,7948,3357,7040,4325,4553,4229,2659,3930,6378,4434,5297,7399,11113,4711,13712,5190,13217,7609,7115,5160,6304,11495
"ENST00000264485.5 gene=SLC4A4",3337,6215,5607,4032,4917,3919,6281,3518,2461,2789,4788,5266,5435,8953,12849,5342,12778,5532,14662,7160,7489,5311,6514,10205
"ENST00000431418.2 gene=GALNTL5",2150,3758,2958,3263,2445,1283,2381,2035,596,1014,3889,1508,2331,3326,3837,1489,4810,1448,3595,2656,2382,2312,1705,3810
"ENST00000373765.4 gene=MATN1",7803,7288,5495,4415,2775,6472,10279,6225,6171,4757,8730,8469,7554,9255,9096,6006,15234,7223,11228,7935,11173,5294,8764,8571
"ENST00000479188.1 gene=BCR",1434,3382,2483,1188,1435,300,1203,1520,667,1005,2000,1183,816,1364,2139,971,2686,899,4372,1448,1632,1138,1003,2070
"ENST00000257181.9 gene=PRPF38A",4576,5143,5649,4621,4352,3256,4857,3450,2344,2798,4591,4693,5207,7724,11013,5101,11721,5087,13695,7388,7609,4782,6020,9984
"ENST00000531778.1 gene=B3GAT1",4667,5150,5764,6840,6472,3125,8008,5185,3107,4321,6736,6015,6165,10107,11844,5994,15888,6987,17949,9420,7418,6216,7237,11874
"ENST00000335968.3 gene=TARSL2",9253,11395,21223,3257,14466,10175,26050,10199,12388,1749,31707,13551,11671,5181,20107,3990,25469,3337,23506,9756,13266,8927,7952,18226
"ENST00000415641.3 gene=NBPF4",3041,5656,5525,4068,8129,3884,4608,3125,3055,1156,2877,5383,3112,4368,4749,3240,5645,2487,5082,4637,4575,2194,3982,5832
"ENST00000395808.3 gene=MED16",2228,5657,6020,6238,4272,2193,7899,1830,2379,3247,6477,4905,3856,4532,9259,3819,11324,4160,8075,4661,3486,3256,3720,8697
"ENST00000372189.3 gene=RAPGEF1",12561,10817,7427,6406,9849,3893,22635,10371,2233,5351,16234,16553,6317,7536,13622,7447,30480,6613,30972,11027,7918,7734,6335,14617
"ENST00000368088.3 gene=KCNJ9",3017,11151,5045,9209,7630,4128,4051,6933,1582,3357,11067,7169,5435,10507,14387,4501,18340,7805,13764,9686,7204,3625,6743,9804
"ENST00000315249.7 gene=RFFL",7190,12497,14106,10378,6743,5295,8975,5566,4242,4456,12462,5181,9896,12664,16765,7379,25491,8309,23048,13549,12142,8558,9672,14565
"ENST00000569374.1 gene=CCDC113",2773,3748,1899,3019,1995,295,3733,2492,1048,709,2921,2585,1588,1685,3290,1118,3228,377,3963,2408,1840,1251,1451,2834
"ENST00000255764.3 gene=MED10",1863,6772,2855,2777,4186,2328,2079,2833,1596,552,3249,4137,2093,3172,4670,1676,4778,2077,9401,3672,2396,1475,660,5867
"ENST00000231751.4 gene=LTF",2217,5048,3876,4047,4025,2380,3847,1702,2214,2552,3308,3599,3001,4908,7146,3426,9483,4101,9363,4918,4687,3152,4176,5840
"ENST00000382988.2 gene=RP11-408E5.4",1079,369,1585,1780,1664,1039,1325,1816,1176,872,2111,1248,1175,1323,1734,1266,1631,848,2348,1445,916,676,894,1601
"ENST00000278409.1 gene=OR5F1",1036,855,2116,1660,1823,663,1489,497,350,1141,2411,726,1105,1584,3092,763,1293,1086,1837,1754,1778,1211,1174,2278
"ENST00000361762.2 gene=PCDH7",9103,11617,10488,4558,5536,2667,14664,3822,7185,3052,9175,20061,6132,18892,11683,11735,28348,8232,16416,12563,11005,8544,9125,17354
"ENST00000216264.8 gene=CERK",6218,4970,8285,7600,6770,4567,3547,8224,2897,3950,4354,13547,3677,10260,12859,6072,12885,5805,9777,4286,6435,6715,5554,13902
"ENST00000400445.3 gene=NBEA",40396,103224,64607,53803,76546,42897,55904,42258,5724,41925,9191,51292,27755,58511,47208,11290,98375,31230,187407,52533,36820,37851,43175,39990
"ENST00000395290.2 gene=CELF1",6233,11589,25988,8124,20428,9050,15777,8177,4619,3575,21858,14038,14284,15516,19895,14058,20192,18443,28503,20681,14736,12029,16827,19497
"ENST00000594563.1 gene=AC026369.1",206,1111,446,195,571,51,832,212,328,48,961,435,267,481,614,314,664,244,434,300,270,187,309,275
"ENST00000398148.3 gene=KHSRP",4079,7420,4758,5699,3405,2135,2328,3272,1703,2007,5243,2787,2643,5760,8477,3588,10476,4590,8297,5923,6519,3403,3663,5069
"ENST00000380130.2 gene=N4BP2L1",2649,2935,4979,3644,4227,2550,3446,3125,1642,1441,3657,3125,4168,5090,6920,2973,7417,2996,9076,4851,4602,2616,3988,4880
"ENST00000225665.7 gene=SLC25A11",2242,7223,1796,10387,5301,2799,3268,2578,4238,7408,4782,6533,2792,4267,6596,1478,5684,2727,6112,2434,4255,3131,4350,7437
"ENST00000519052.1 gene=SFTA3",2206,2298,4393,1361,1927,2439,2993,1325,840,1998,4375,4206,2587,2438,5147,2292,4694,777,4012,3045,2126,2476,2582,5306
"ENST00000577031.1 gene=PAM16",447,497,472,539,563,237,488,305,200,394,580,478,575,746,1150,534,1386,604,1545,736,780,540,616,1045
"ENST00000593656.1 gene=AL137002.1",42,227,102,117,55,101,130,37,31,59,185,158,49,94,252,113,164,48,287,108,85,79,52,132
"ENST00000372990.1 gene=RHBDL2",2412,3622,2920,2473,1548,1667,2982,1922,882,936,3565,1876,1764,2953,5619,1944,6216,2053,6383,3365,3476,2230,2697,4504
"ENST00000511348.1 gene=H2AFZ",4073,5915,1629,1964,3636,3457,3243,2626,2714,1932,6571,3719,3582,5007,5697,3127,8257,2280,10341,4057,4361,2383,3895,4273
"ENST00000370489.4 gene=ENTPD7",11773,15724,15425,14704,7478,4294,11395,8613,5330,4878,3225,11699,7281,11273,7845,7798,17053,6812,14527,8540,10255,6463,6411,14509
"ENST00000236938.6 gene=FCRLA",1829,3133,2124,2344,2806,1353,2595,1371,977,2428,3084,2225,2496,3516,4626,2496,7153,2317,6912,3469,3958,2320,3110,5758
"ENST00000527246.2 gene=PBOV1",5551,8582,6716,1806,4786,2796,5192,3801,2981,2172,2679,3563,3699,5747,8845,4296,7587,3505,11979,7339,6159,4104,4099,6667
"ENST00000359894.2 gene=LPPR3",7083,9975,19009,14928,10855,5828,15340,6730,816,7762,18028,15283,5526,7709,8984,5343,16439,4024,17564,6826,10683,5266,5908,10340
"ENST00000278302.5 gene=TRIM6",2095,17315,12693,6027,4435,7462,8524,6944,2502,7510,11587,10279,7100,5079,13560,4614,10758,6326,18076,7962,8144,4009,5655,8733
"ENST00000390288.2 gene=GLS2",2324,3968,4577,2339,4078,1779,2297,2828,1773,1402,1106,2567,1004,2917,4308,1214,4738,1615,4281,1981,2833,1969,2424,3165
"ENST00000318008.6 gene=LASP1",28663,26590,28600,15625,4603,22225,37395,24203,1540,27657,28106,20704,13375,21375,32322,18285,39355,10035,47948,29445,20639,6760,21744,25333
"ENST00000433301.1 gene=RAD9B",671,703,669,468,1118,618,1207,384,679,209,852,1280,777,1230,1527,581,1727,575,1966,1018,1009,895,694,1707
"ENST00000309680.3 gene=KRT2",8206,10561,7099,6959,7220,4826,3901,1456,4334,4225,9253,2316,2680,4037,7420,3968,10080,1285,9290,4660,3717,3356,4031,8783
"ENST00000434396.1 gene=ANKRD63",1499,1356,1713,1214,1547,711,880,668,643,959,1728,959,1140,1723,2220,1026,2925,1369,3246,1746,1971,925,1287,1674
"ENST00000560540.1 gene=SHF",1357,3643,1890,4842,4048,2060,1824,2286,2571,1537,3074,3046,2941,3434,5125,2446,3760,2890,8571,3393,2408,2574,2799,3798
"ENST00000327741.5 gene=KRT81",2508,5016,4691,1512,2772,2530,4372,1709,1697,805,3375,3189,2712,5415,5246,2530,6856,2304,5081,4346,3356,2567,3060,4691
"ENST00000378566.1 gene=FAM214B",2016,2689,2852,2294,2716,1638,2385,2159,1091,1190,2995,1956,2575,3544,6455,2782,6356,2647,7151,3640,3707,2770,2964,4916
"ENST00000167586.6 gene=KRT14",4245,2130,5614,12482,19025,3173,1832,840,3834,5632,13827,8207,3521,2632,3302,3074,6600,2443,17398,1232,1220,6359,4716,3189
"ENST00000369339.3 gene=NBPF10",6388,6769,7006,4424,4668,2774,6294,5227,2091,1724,7427,5304,4532,7844,11377,5422,12389,4801,13116,6152,6512,5623,5399,8552
"ENST00000344458.2 gene=TMEM198",11563,15449,35718,2550,2906,4441,1929,29039,8539,34753,34897,29962,21318,11519,5839,7605,21646,15261,34396,33056,16024,17623,12174,24799
"ENST00000389586.4 gene=NXPE2",10640,9698,8199,14943,10251,3686,6394,7848,5043,9192,13927,4445,3592,10321,7870,4425,6859,5234,20353,10629,855,1992,3984,4428
"ENST00000228887.1 gene=GPRC5D",3738,4245,5163,5313,3447,2489,794,2535,1744,2356,4329,2043,1526,4613,5366,1747,6524,2540,4270,3933,2539,2573,2201,3139
"ENST00000299459.2 gene=OR2D2",883,2424,1753,1302,1352,1258,1847,702,578,1278,1456,888,1763,1888,2799,1060,4018,1360,3247,1942,2641,1933,1607,2669
"ENST00000482954.1 gene=NDUFB2",554,709,370,646,460,346,683,552,213,331,620,556,531,914,1063,560,1568,492,1605,770,840,590,656,1063
"ENST00000430004.1 gene=BOLL",2636,5737,4375,5741,4255,3207,4762,3392,2834,3303,6072,2095,4646,6112,8416,4074,10129,4527,11104,4828,5249,4990,5289,8440
"ENST00000438448.2 gene=CASP5",1249,843,814,789,1157,415,801,1047,362,361,961,416,654,903,1265,812,1474,814,1904,808,1374,638,922,1186
"ENST00000370859.3 gene=SLC44A5",14916,35835,3238,9387,21372,6121,46660,9544,25737,6989,27648,38851,13385,49577,22229,26955,59087,19481,73517,29727,13662,9510,15622,38119
"ENST00000375599.3 gene=RSG1",3340,3294,7730,4503,1573,2184,1767,2934,1885,2884,7720,5270,4044,769,4296,2790,8463,2224,6649,2312,6126,1991,2200,4300
"ENST00000588427.1 gene=C19orf25",1691,2234,2314,1433,1093,1172,2440,421,1131,596,3621,1023,1053,2098,1738,1507,2521,1418,3679,1816,2326,1218,1942,2656
"ENST00000339861.4 gene=SEMA4D",3745,4587,5065,3896,4255,2114,3761,3794,1604,2614,4531,4042,4235,6322,10818,3953,11041,5188,11974,6268,6480,4162,4668,8750
"ENST00000377844.4 gene=KLHL1",3266,45588,43899,15092,49603,24088,29884,2157,9258,17225,29340,35009,13484,24409,21888,13004,32555,22397,23174,12572,9367,16793,15844,24512
"ENST00000503143.2 gene=C5orf20",6658,9194,2647,3087,10681,2768,12347,5578,3369,3883,9107,5596,5562,6916,6135,3259,11099,3409,10847,4794,5514,3556,4857,8447
"ENST00000534674.1 gene=GLYATL1",1078,1046,363,580,595,559,629,793,467,249,1167,768,602,419,1431,542,1903,420,1237,873,849,360,546,1822
"ENST00000222249.9 gene=KCNN1",15338,24702,20047,21128,21784,7961,11408,13658,12115,11048,12204,11916,1102,7953,11701,8599,15734,4299,16498,24408,14402,7518,10025,11071
"ENST00000266643.5 gene=MARCH9",31747,30173,24054,25862,9262,12128,19397,18777,1007,2545,17700,36785,10974,18764,21375,11361,19156,8658,34498,16188,9985,14801,11481,10084
"ENST00000553331.1 gene=PNN",630,699,788,580,947,298,865,553,367,430,607,487,677,1087,1578,688,1747,626,1756,886,1063,699,724,1244
"ENST00000359907.3 gene=HIST1H4A",1030,641,354,963,438,624,874,1123,536,733,1260,993,495,611,1750,479,1354,438,1429,757,847,827,624,975
"ENST00000464595.1 gene=RPL24",1764,1341,1434,1172,555,912,1076,471,798,375,716,496,1123,998,1809,854,1461,1395,2222,1684,1303,765,1183,1640
"ENST00000452313.1 gene=NPIPB7",2779,3039,2570,2962,2214,1552,1678,838,1058,954,1063,2034,1715,2659,4640,1479,5300,1971,4586,2668,2192,1748,2098,3113
"ENST00000436319.1 gene=COL24A1",10291,12651,20405,6375,11282,6704,12430,9769,6992,2858,14505,7606,10337,12897,15978,8410,17789,8571,23849,13324,13104,9764,10471,15869
"ENST00000301488.3 gene=CDK2AP2",1403,3188,3846,2257,2991,722,2397,1488,1110,2496,2821,1408,1877,2678,6575,2289,3948,1545,6859,3044,2789,2203,1496,1763
"ENST00000537330.1 gene=RPTOR",1733,3219,3192,2789,2507,1433,2305,2237,1326,1353,2190,2092,2636,4082,5157,2371,6754,2325,6361,3449,3843,2318,2536,5129
"ENST00000522317.1 gene=KCNK9",15041,15377,24894,38969,7928,1642,37991,21438,4983,11846,17096,6017,4334,18868,5553,11946,20693,8862,30562,17208,19614,16593,4820,29369
"ENST00000497517.2 gene=TPO",2498,3680,2441,2335,4421,1045,2771,767,1572,863,1797,1015,1934,3354,2022,2358,4681,1823,5031,2711,2740,1338,2302,2066
"ENST00000263640.3 gene=ACVR1",4524,9989,10275,5665,10907,6879,2540,5864,3607,7035,5216,9294,4884,10801,9853,5273,11632,4344,12195,4381,7135,4978,7317,6076
"ENST00000317635.5 gene=TMEM11",4960,7020,3115,2660,1563,3051,3985,4041,2005,947,4098,7282,1395,3387,5639,4107,7821,4388,6483,7394,4238,4020,4431,5548
"ENST00000525354.2 gene=ZNF726",480,1658,5036,3458,3488,3811,2860,1487,2491,2085,4724,1125,1676,1651,3922,1623,4794,1998,3342,2025,4882,1406,2728,4797
"ENST00000502978.1 gene=MSANTD3-TMEFF1",1294,13512,16149,11744,12664,5036,8146,10381,3297,6380,6755,8122,4502,11044,11286,4236,16980,5756,26465,6251,8162,6150,8436,9705
"ENST00000266000.6 gene=DAXX",3203,2348,8115,5274,6476,3613,5526,4119,3263,3746,5960,2909,4467,5712,9096,4090,10677,5158,11212,5628,6310,4310,5956,8901
"ENST00000373277.4 gene=SH2D3C",1831,3172,3035,2745,2416,2139,2872,1822,1087,1496,3059,1940,2656,4209,6405,2656,6583,2950,7865,3916,3916,2675,3226,4796
"ENST00000231454.1 gene=IL5",475,918,1058,607,883,546,951,593,386,401,689,600,864,1371,1890,784,2281,899,2069,1330,1286,946,892,1653
"ENST00000329476.3 gene=NPY2R",9841,11812,13502,6770,4502,6494,11675,8011,4963,4955,6607,2630,8066,6215,15238,6528,14747,4156,13975,9740,6999,6373,6123,6584
"ENST00000566501.1 gene=EIF3C",3498,5757,5453,5981,9347,2813,4581,1687,2784,3296,5493,4201,4359,7447,8720,3489,12856,3863,8705,6005,6651,3815,5121,8086
"ENST00000360096.2 gene=ARL9",4474,1131,4632,3102,4388,2207,6953,2233,2678,2583,3138,3694,1708,3682,6734,2488,6621,4010,6367,4545,4935,1613,2724,4828
"ENST00000426179.1 gene=AL353791.1",39087,47395,48662,43516,55035,21361,41586,16059,17972,1768,72485,14254,12226,36460,47253,14994,36653,15938,33473,26052,11959,19302,18865,27603
"ENST00000570029.1 gene=DPEP1",695,1559,1505,1613,1043,873,1092,275,751,442,1748,948,1035,1533,1861,851,2640,835,1609,1099,861,722,722,1783
"ENST00000291442.3 gene=NR2F6",12076,13577,7080,11817,14851,6671,10965,5124,936,4698,16088,4607,7723,8749,13817,6304,14215,5523,17430,10585,7313,8126,8887,9544
"ENST00000413683.1 gene=ACSL6",3755,4476,3555,3766,4591,2097,3765,2937,1228,2421,3448,2665,3401,5328,7169,3522,9187,3629,9952,5067,4606,4110,4220,5920
"ENST00000421419.2 gene=ATG2A",10505,7619,11715,11184,5221,6985,16796,8390,5936,8929,5407,8981,7322,13236,18493,5863,23661,7205,17914,7752,12390,10033,6551,11029
"ENST00000261593.3 gene=RNF138",3113,4279,4600,4840,4662,3051,4281,3326,2635,1593,4450,4246,4002,6246,8678,4415,10681,3699,9310,6306,6096,3452,4993,7435
"ENST00000310373.3 gene=GP6",7823,4839,15455,4348,6423,1478,6035,6857,4018,2013,6919,1757,3898,2682,14105,3366,8984,2150,7739,6864,5534,5166,3713,6936
"ENST00000546530.1 gene=RASAL1",9466,18221,3443,9300,17476,16022,18408,6263,3515,7496,7123,10001,8646,8157,17397,7265,23806,6784,14165,12073,9075,4921,8328,8275
"ENST00000217086.4 gene=SALL4",23993,19579,31983,21529,2815,18654,17642,12121,3383,19663,32257,13444,15031,16962,20860,8689,17633,7147,31239,12743,8129,9869,7072,19492
"ENST00000395297.1 gene=FAM135B",36063,55133,82432,35337,5471,41781,84931,28427,13471,44667,68802,61365,35318,46643,96558,24796,104925,36992,126589,35842,37871,17865,38930,49491
"ENST00000265381.4 gene=APBA1",16030,13601,10559,16528,5295,9037,7176,5648,6204,5179,13060,10728,9857,15673,17252,10012,25207,10053,24536,14587,9426,10287,11023,14827
"ENST00000196169.3 gene=TDRD3",2525,4697,5455,4935,5251,1608,3203,2199,2854,2491,4487,4328,3345,4238,6409,2978,7909,3080,10774,4683,4692,2715,4610,4655
"ENST00000483099.1 gene=SNRPE",36624,16103,19200,34604,14014,15036,8717,8412,10656,2026,18391,11925,3227,13119,28784,13194,807,11538,28714,7408,19436,15875,7350,17623
"ENST00000576789.1 gene=CTB-133G6.1",3404,7089,4049,8236,5872,1957,3059,3904,3155,1732,1292,2748,3013,4540,4186,1807,7382,2287,7318,4816,1918,1799,3720,2941
"ENST00000450023.1 gene=NDUFB3",663,4825,2157,1900,4989,1396,870,1301,1479,234,3509,2888,854,1859,2053,1343,1687,1934,3016,2388,1685,951,1408,1601
"ENST00000400752.4 gene=ZG16",19777,5891,24993,18332,25549,14369,39271,15869,679,10580,13544,27201,11634,16189,9643,6400,28136,12823,23164,16845,10236,6480,3568,13466
"ENST00000374282.3 gene=PAFAH2",7363,9511,3165,5464,4717,6149,7718,6988,3519,2776,9221,8773,5558,8476,13664,4278,13159,5660,14110,8232,7956,6121,7739,12793
"ENST00000442101.1 gene=ELF1",7798,5323,7356,9023,5272,4426,8728,3928,3740,4461,2968,8032,4522,7462,8217,4413,18879,3520,8433,1745,8460,4029,4536,9080
"ENST00000439986.4 gene=CCBE1",47674,75233,7533,17546,21403,17864,20922,14077,15778,11055,53644,48632,15981,22798,17625,25876,97758,25955,5095,31516,15167,25500,43196,39986
"ENST00000295633.3 gene=FSTL1",4842,7409,6111,4597,7282,3060,7182,4197,2363,3494,5063,4728,6283,9634,12493,5991,14324,6223,16343,7896,8344,5759,7068,11362
"ENST00000606738.2 gene=TRABD2B",15534,5810,10924,21132,29410,8744,12898,13426,15395,5062,12531,32338,19515,31518,19973,35541,56808,33104,73215,11012,25352,15160,11257,17474
"ENST00000314721.2 gene=OR4A16",566,1135,1174,1347,1513,875,1312,977,688,641,1049,1178,1178,1705,2905,1503,2889,1281,3597,1506,1479,1184,1338,2421
"ENST00000509657.1 gene=TMA16",7742,4269,7677,6796,8848,6558,10736,6135,365,6727,4786,8484,3718,5814,7906,2611,13574,2996,9524,3097,5350,3871,3704,11014
"ENST00000597600.1 gene=MIA",968,846,630,890,896,457,479,677,231,467,1036,581,535,928,1231,596,1838,709,2355,1107,1036,626,939,1281
"ENST00000448696.3 gene=IFNE",2923,4269,1344,5428,7455,1756,4073,3687,1994,2493,7139,5440,743,3328,4919,3336,5023,3440,5312,4464,4062,1987,1796,3689
"ENST00000569862.1 gene=CENPT",4203,8951,5721,5264,8633,3737,4786,4504,5735,1281,7445,7570,3678,6251,7698,4200,11682,3390,8002,2869,4777,4410,6463,9100
"ENST00000377169.1 gene=OR2J3",716,1060,1151,746,1083,952,724,998,562,573,835,1200,1022,1448,1712,870,2678,1141,2709,1402,1487,948,1133,1617
"ENST00000308831.2 gene=RHOD",1636,1923,2745,4190,2744,468,1268,2961,767,1248,2479,2190,1990,3777,3084,1811,5172,1639,5317,2460,2786,1827,2699,3310
"ENST00000367360.2 gene=RAET1G",2103,2076,2981,1063,1284,1726,2060,1181,391,1187,1626,1522,1173,1926,2921,1486,2646,1535,4200,2601,2074,1557,1843,3128
"ENST00000601459.1 gene=AL109927.1",1014,653,564,724,1046,458,397,762,501,810,540,501,89,473,1170,348,737,97,715,90,911,405,410,779
"ENST00000526787.2 gene=NCAPD3",11919,21196,14354,4147,21069,1848,33313,3260,5027,6964,959,10732,11219,3642,11955,6146,22176,14120,18096,16113,8123,12502,7799,2349
"ENST00000359945.3 gene=C17orf104",1689,7472,10084,5802,6698,3305,6669,2916,2526,3400,7422,5298,2473,5224,8467,4512,10903,3627,11215,4938,4932,4490,7986,5935
"ENST00000380771.4 gene=WRNIP1",7384,3588,8745,4060,9899,4972,6038,3280,2821,1165,2275,9891,3400,6543,10696,4408,13494,3571,9396,4462,5878,4910,5556,9743
"ENST00000262493.6 gene=GNAO1",4806,2820,12826,11520,14796,8812,15630,7683,5721,8246,5964,9028,7384,11596,9046,5942,14068,5174,17749,7727,9613,4735,6104,10353
"ENST00000266070.4 gene=DIDO1",5606,8146,18882,22067,11379,8716,16767,10756,8542,9105,10079,9443,8030,14276,27201,7404,22484,12626,31470,15985,9503,7164,10909,16511
"ENST00000511473.1 gene=GNB2L1",1294,2102,1906,2360,982,1148,2123,1100,1081,998,1681,1574,1578,1773,3269,1604,4086,1799,3847,1740,1776,881,1796,3306
"ENST00000301765.5 gene=VPS37C",4811,6497,9269,2074,5143,4619,6324,6861,1652,3884,4295,10364,4239,6223,3246,4326,11729,4125,17233,10314,4824,5263,4145,6197
"ENST00000273158.4 gene=SLC25A38",3885,5678,6853,3098,4710,3000,3927,2550,2843,5069,8302,1633,3384,4873,9123,2832,8507,3236,10034,2820,5160,3928,3109,5969
"ENST00000333083.7 gene=PP2D1",1956,2040,2396,1343,1738,1428,1579,1261,668,1057,1470,1351,1852,2638,4373,1734,3864,1468,4586,2462,2683,1431,2057,3249
"ENST00000375460.3 gene=PADI3",10772,55888,26283,10497,18765,15413,32594,11485,13502,11380,48794,16607,6040,16324,24159,7570,14112,14674,23575,18893,23491,963,18131,24314
"ENST00000600362.1 gene=KLK11",7122,9897,753,2241,5339,4223,8221,10548,3430,5031,5784,5697,2898,4680,6181,3896,8252,3419,9493,7355,6495,2497,3420,5018
"ENST00000478145.2 gene=SIRPG",5475,3414,579,5797,7737,3965,2151,1797,1308,1465,2194,2227,2481,3377,4141,307,4527,1630,3298,4155,1965,1455,819,4997
"ENST00000485070.1 gene=FAM71F1",1622,1490,1339,2035,1902,1589,1456,1396,667,1210,2362,1658,1526,2159,3303,1252,5124,1303,4814,2736,2926,1545,1954,3117
"ENST00000524160.1 gene=DYX1C1",1443,1976,2180,3008,2330,2091,2100,1566,1048,1409,1205,2310,1722,2584,3847,1840,5785,1184,4119,2651,3587,1964,1927,3552
"ENST00000299092.3 gene=GPR176",11804,9520,10229,8307,7902,2452,10958,4988,2443,1792,6969,9499,5236,5664,11562,4971,9719,5620,8479,7360,9554,6154,6675,15181
"ENST00000398599.4 gene=CEACAM5",3279,3494,4961,1947,6499,2810,3459,1844,1935,2804,6032,3561,3425,4551,7248,2619,9220,3495,11282,4067,3281,2789,2868,3901
"ENST00000315323.3 gene=FZD2",4042,5119,4905,3790,4185,3880,7676,3365,1458,2707,3716,1422,2721,5017,7195,2790,6318,3125,7923,4600,4618,4460,4481,4935
"ENST00000372444.2 gene=TJAP1",6509,6850,5365,11530,10823,7330,2211,2861,2966,2644,5179,6168,5124,6180,9568,5342,11169,5544,16255,8028,7530,6298,5600,8514
"ENST00000377767.4 gene=DIS3",6482,7070,11672,7602,8947,4972,10147,5367,3557,3841,6007,7586,7962,11107,16150,7751,14053,8505,21152,8274,10229,7048,9527,15006
"ENST00000370986.4 gene=GADD45A",1293,1271,1388,1180,1292,941,1481,1278,690,1088,1275,1535,1633,2223,3098,1644,3926,1676,3773,2426,2110,1618,1921,2523
"ENST00000263277.3 gene=EHD2",2266,7822,11270,7140,7666,4500,9191,5801,3802,6386,6878,4092,4434,6549,13344,6316,11925,5251,12022,8932,6562,4121,5887,8689
"ENST00000254963.2 gene=HSPA12B",4620,6154,6708,4760,6382,4826,6581,1772,2966,4122,6107,5596,4405,6624,6987,4357,11789,4811,14269,5405,5611,3499,5298,9494
"ENST00000410040.1 gene=IL18R1",2353,2033,3142,1627,2133,1160,4388,3370,1999,741,1538,2894,2023,3401,4669,1613,4663,2158,5288,3934,3086,2321,2430,3480
"ENST00000490444.2 gene=KIAA0020",224,2869,1265,3905,2580,1217,516,690,1505,2374,3039,2227,1268,2931,3121,340,2697,366,3188,1400,1821,979,554,2700
"ENST00000261520.4 gene=NARG2",17529,18522,26544,13657,12737,9919,14396,12816,9453,12414,15303,5107,5376,21625,32568,12506,40498,9428,30064,17243,16628,11170,18910,26149
"ENST00000465531.1 gene=TBC1D2B",1054,3900,1292,1556,1274,1400,599,2441,2128,995,437,516,1144,1042,2728,901,2478,821,4722,1327,1077,832,426,700
"ENST00000357387.3 gene=RICTOR",6180,26787,15481,14450,22358,15567,21875,21357,3348,14022,16200,28794,17040,22492,28296,9302,36423,12603,17654,19775,20647,14420,21095,27326
"ENST00000274625.5 gene=FGF18",3015,2195,3702,5535,3538,3395,4129,3112,1221,1456,2625,1339,2157,4894,5703,2260,5897,2058,6558,3795,4293,2822,2758,4234
"ENST00000311268.3 gene=GPR162",1768,7567,4926,2097,7605,4174,2583,7168,4512,1465,3422,4177,4311,5909,7045,3122,8598,3193,9762,4556,4362,5057,3815,8008
"ENST00000517327.1 gene=CNGB3",821,518,467,420,879,477,1430,459,184,289,900,515,490,1026,1100,662,1665,405,1806,784,962,640,540,1236
"ENST00000248306.3 gene=METTL25",6395,7910,3853,3315,5289,1017,3613,2202,5442,3248,4269,6823,2918,5207,9417,1253,10336,3622,7056,7660,3789,2621,6115,4711
"ENST00000266604.2 gene=LLPH",3913,3317,3398,4241,1083,1361,2360,2775,1182,1950,3259,3956,1709,3426,4856,1820,4889,2120,4240,2696,1836,2290,2030,3867
"ENST00000265715.3 gene=SLC26A4",7673,12798,14069,9403,13668,5739,8624,3743,4321,6021,4316,12021,7660,12597,16200,7786,17938,4774,12039,8207,8425,2840,9467,7327
"ENST00000369528.5 gene=SIKE1",8201,13912,7173,10024,14203,4266,15534,7620,5122,3378,8553,3959,5708,15087,10554,4351,23251,7784,24269,10967,9739,9038,9346,15323
"ENST00000545712.2 gene=MMAB",26626,28082,16888,30855,16528,2080,6924,11148,14871,7212,7795,17422,16946,12392,30370,12033,55740,17611,25475,4923,29234,15879,21654,5987
"ENST00000344935.4 gene=CPSF4L",1345,1248,2139,1278,1105,1104,1715,283,513,960,3055,2386,1225,2011,2084,908,4105,1210,4117,1852,1951,1271,1082,1473
"ENST00000259213.4 gene=IL36B",6006,10054,4848,886,9534,7491,5827,1739,3276,5417,3135,7762,4514,7165,5002,1191,6540,2010,5513,2414,6812,2316,4945,7063
"ENST00000493648.1 gene=TOP3A",1120,1757,2704,2464,2504,697,1891,1898,376,1819,492,1211,394,1111,2377,1015,2231,325,2205,1950,1602,1066,1727,1511
"ENST00000309352.3 gene=MRPL38",5546,7590,8839,4563,6941,3083,8060,3418,2347,861,2481,3612,3188,4984,6582,1848,5102,3474,10443,4314,4953,4063,3833,5792
"ENST00000393205.2 gene=MGAT4C",11205,17579,13011,15784,12014,4841,1796,6225,3712,4984,12866,7144,4966,6844,7674,5686,11700,6033,14327,7801,9535,3311,6543,8843
"ENST00000535254.1 gene=BUB1",4716,8401,8986,5506,5380,2203,3049,3227,3804,3696,7092,6470,5726,3511,11028,4924,11271,4820,11732,7900,6847,5337,5877,9196
"ENST00000556526.1 gene=RNASE12",836,2303,2384,1383,820,1519,776,813,1112,1609,1697,480,939,1511,2411,632,1962,503,2639,1818,1121,664,1804,3012
"ENST00000420034.1 gene=CERCAM",4091,1624,4679,5560,6312,3257,3462,2367,2112,1125,467,3830,1569,4067,4673,1577,5181,1794,3544,2865,2938,1156,2624,3944
"ENST00000429267.1 gene=CCZ1B",1424,2374,718,1409,1038,838,1360,1055,805,680,499,1758,715,1487,1361,763,1903,1131,2353,1656,1666,494,1083,1725
"ENST00000316169.2 gene=DEFB104B",362,2578,1726,552,1419,265,1317,469,682,490,223,1605,373,892,1327,455,1404,251,1346,710,905,636,851,1000
"ENST00000306107.5 gene=ALCAM",11378,6032,10072,8990,7602,2388,12327,5562,6464,8019,7680,6402,6436,9778,17302,7704,20150,8836,15364,9435,9001,7920,6935,9831
"ENST00000316660.6 gene=PMAIP1",2559,1956,2083,1488,3305,961,2432,3032,1667,865,3930,2236,1496,3366,4952,1485,5859,2357,7211,3210,3169,2720,2354,4827
"ENST00000281154.4 gene=SLC25A31",11813,3644,29263,14112,26283,11912,17251,7146,12686,12680,1596,14007,13795,15207,15025,6861,15524,10344,21603,13136,11233,9741,12493,20549
"ENST00000249598.1 gene=GDF2",4949,4033,2062,5313,3724,1767,4674,2208,753,1177,4691,4140,3803,5384,6257,1396,6054,4354,8350,5554,4360,3471,2142,7387
"ENST00000482173.1 gene=CHPF2",1773,2303,521,2598,2866,2047,1824,660,402,1622,770,2562,1035,1200,2148,1094,3233,1180,1767,1684,1933,1284,1888,3130
"ENST00000545168.1 gene=GDA",2917,5025,6181,3107,5649,1814,5877,1277,1888,758,4181,5145,2037,2361,5066,3082,1770,2395,6820,1660,2610,2653,3755,4197
"ENST00000538936.2 gene=PCYT2",3243,4959,6524,3904,6002,3154,5025,3945,2231,2314,4510,4317,4483,9207,11673,4876,13438,4507,15509,6345,7967,5096,5844,10984
"ENST00000433496.1 gene=RFC4",4056,8224,920,3633,7736,1693,7070,3888,1327,3347,4266,3934,2702,3745,4177,1682,5539,1906,5895,3085,4238,3823,3421,3626
"ENST00000296849.5 gene=NKD2",1535,1946,1842,1885,2314,1092,2610,1879,1036,1477,2561,2080,2353,3552,5183,2067,6330,2139,5752,3142,2882,2298,2750,4892
"ENST00000437102.1 gene=CYP8B1",2426,5451,4493,3700,1668,5162,2232,2939,784,2778,7937,5078,2411,5323,5008,701,5047,1305,7579,4631,3762,569,2280,7431
"ENST00000373610.3 gene=TXLNA",3062,8728,7177,8368,5331,4054,6876,2836,5154,5463,8188,5583,4172,7388,11732,5792,13847,5011,14383,8961,6062,4416,5886,9569
"ENST00000370952.3 gene=LRRC40",4586,2300,4361,2266,11237,1677,5712,2367,1347,4709,3424,4311,2889,4149,4801,1171,7733,4649,13752,6531,6349,5323,4591,9225
"ENST00000306357.4 gene=STX8",2561,2859,1170,3218,1628,1313,2455,1603,1532,1325,4346,1565,1919,1957,3011,2467,5326,1967,3502,2172,2848,1331,1658,4346
"ENST00000334409.5 gene=PDCD1",15031,11598,6871,9037,1743,7636,9355,10858,7985,6995,19840,12501,6012,6753,13669,5303,17875,6153,18085,9983,10203,4315,7737,9783
"ENST00000194152.1 gene=PCDHB4",3397,4419,7985,5263,6406,4480,5073,5962,3629,5133,3047,4441,6351,8407,11934,5395,10217,4054,10139,7624,7627,3204,5446,11744
"ENST00000601800.1 gene=FLT3LG",4625,7895,1031,2551,3468,2769,1628,2212,1337,1225,2580,1159,3471,2644,6340,1646,7052,1575,5926,5127,5112,3249,2336,4844
"ENST00000467771.1 gene=PRUNE",1997,1220,2301,1562,4005,1286,3849,2183,322,1420,1763,1556,1543,2270,3794,1055,3726,904,3360,1437,1784,1619,1587,3051
"ENST00000409947.1 gene=MAP3K2",10343,23757,25685,15193,17732,15414,8864,12048,13480,12186,24169,16249,15436,19338,31901,11781,43265,16016,38579,18092,24912,21969,15899,26683
"ENST00000311915.8 gene=C12orf66",11098,5807,6235,3364,7765,3693,8232,1422,1209,3887,9232,14562,3836,5173,6922,4174,7618,6382,10657,3935,8236,6762,2494,5021
"ENST00000521764.1 gene=NACA2",1629,1520,3022,1682,2312,1668,1631,2608,445,1605,624,1478,941,1089,1506,1192,3931,1179,4038,1790,2442,982,933,2140
"ENST00000558276.3 gene=PBX4",1423,1396,1750,675,1353,511,801,878,828,303,837,1145,949,1432,1604,591,2903,912,1909,1003,1282,819,875,1951
"ENST00000334134.2 gene=FGF3",2808,6020,3438,2163,5341,510,4182,3304,2640,2249,5090,3613,2415,3321,5333,2352,4225,1832,5607,3103,3119,3043,2786,3131
"ENST00000310992.4 gene=KLF14",2076,2250,2563,2168,3456,852,1258,1841,741,1474,2937,1939,2146,3065,5701,1838,3928,1414,4064,2955,2500,1623,1632,3949
"ENST00000518778.1 gene=MGAT4B",4701,8731,3999,4916,5281,3175,6200,5993,2355,2284,1439,3623,3040,5549,12070,3609,11354,2974,11628,5532,4326,4197,2661,8793
"ENST00000369002.4 gene=SEC63",4774,13159,10576,11435,5167,5224,8250,10176,6813,5067,9012,13374,9705,14884,14507,7770,19196,6145,20319,9031,11854,8547,6445,17946
"ENST00000328252.3 gene=PAPPA",14375,19621,22807,24159,16302,14598,19344,17599,10420,5197,23088,14386,13438,24855,41566,15907,40088,17370,40126,16358,20932,11894,17259,21934
"ENST00000574708.1 gene=FADS2",284,386,432,445,493,210,343,360,176,301,689,392,416,639,843,440,1088,490,991,431,622,424,526,800
"ENST00000357066.3 gene=MOB3A",11744,3859,9878,14128,13063,6786,9051,5303,5732,9183,2855,8944,2550,11727,9217,5727,11840,2566,18055,10973,12063,6091,8165,17517
"ENST00000528443.2 gene=TOR1AIP1",32453,21395,26090,30431,36877,19891,34629,22851,1492,24639,28217,24510,19790,16931,44336,13521,31767,17939,34235,15178,15038,10274,14107,28368
"ENST00000321355.2 gene=OR8D4",734,968,1204,1059,1105,697,1052,779,598,652,895,888,1188,1982,2177,1222,2657,1106,2640,1614,1579,1065,1322,1912
"ENST00000251636.5 gene=DHX29",13800,10430,6291,4776,10628,7006,6001,2629,5781,4879,15273,7485,6596,10808,13570,6706,13614,6337,22838,10218,12865,6544,8627,12189
"ENST00000569170.1 gene=RP11-166N6.3",3696,4796,4024,4788,3794,2967,1155,2877,1437,2297,5236,3732,1569,3944,5449,2138,5282,1525,5194,3365,3462,2493,2897,4598
"ENST00000325884.1 gene=ASCL3",772,1315,630,1006,1350,345,1159,546,475,493,586,599,807,1251,1745,852,2105,839,2331,1191,1059,760,1004,1550
"ENST00000372811.5 gene=MFSD2A",17377,22477,16966,14453,17528,11781,10969,9943,5438,10665,10570,7168,3137,9666,14644,9959,13673,4962,28623,7284,984,8905,13529,10021
"ENST00000416379.2 gene=TMEM130",3513,2300,7404,2303,8171,4164,7901,4218,1316,2500,6983,6375,4103,6620,10847,2718,4781,4746,6760,6523,2746,4137,4680,7138
"ENST00000534797.1 gene=RNH1",2689,3970,2701,3818,3985,2210,2771,2124,1521,1802,4112,2990,2855,4814,7015,3101,8001,3401,9015,4485,4519,3319,3259,5584
"ENST00000301011.5 gene=ZC3H18",5543,6951,10917,9605,4494,10259,6405,2962,4000,3296,3303,4838,3983,5534,5642,6408,16683,8015,10966,11581,5597,6769,11075,11487
"ENST00000436063.2 gene=DNTTIP2",6892,3633,22969,5426,10821,14171,12581,3526,5083,6317,7377,3915,5168,15135,6380,4665,29193,9853,25500,7472,12530,7661,7122,10258
"ENST00000317749.5 gene=C22orf43",808,1827,1671,1321,1404,1592,2086,1428,881,1116,2795,1932,1566,2678,3696,1601,3002,879,3784,2102,1863,1432,1679,4900
"ENST00000261381.6 gene=XYLT1",9001,50447,17054,34700,7689,19985,9091,12066,14359,11473,26088,10014,13899,20815,29728,17910,47923,11368,44406,6573,9404,8192,17329,13805
"ENST00000222032.5 gene=CNFN",1833,519,1505,1981,1313,956,1627,1747,1072,598,1900,2733,1137,2437,1463,903,3200,1101,2074,1109,1757,1163,1695,3021
"ENST00000589258.1 gene=RP11-322E11.6",735,500,621,1040,803,649,918,550,395,215,1002,634,519,777,1347,637,1587,621,1799,678,806,631,801,1075
"ENST00000287878.4 gene=PRKAG2",7214,8301,7833,6959,12743,1610,5955,3907,2391,6056,6480,6453,6121,8672,11090,4539,5982,4513,15804,6182,5924,5605,5616,9890
"ENST00000429849.2 gene=C12orf71",735,1441,1217,932,1025,800,1298,852,591,448,1299,915,1069,1367,1905,989,2612,973,2749,1282,1452,907,1142,1949
"ENST00000398992.1 gene=OOSP1",556,1236,429,552,994,183,995,598,395,419,634,296,532,694,780,504,1668,517,1367,619,776,560,548,1077
"ENST00000396418.2 gene=PKIA",6634,13574,11214,9624,9015,8917,15526,6263,4551,3502,3674,10295,6269,9308,14102,3961,20180,6077,24091,8023,7775,5464,6828,10567
"ENST00000504146.1 gene=ZNF765",7350,5607,6451,5687,2612,4014,7935,3520,1335,2909,6936,3444,141,3838,5249,2830,2810,3095,3752,3578,5603,2793,3386,3431
"ENST00000354452.3 gene=TCF4",33672,87988,56681,25554,6646,36523,23427,43025,22597,16337,94594,50992,19762,65358,37125,22038,58110,28177,35990,18773,33721,22689,14275,32713
"ENST00000380680.4 gene=UBL3",9160,16470,3806,5584,7495,11129,9278,4593,3684,6516,8209,11165,7391,10372,4674,9214,19406,7533,27755,5695,7917,6549,10072,5413
"ENST00000282096.4 gene=PDE3B",8432,9199,14500,9582,6691,5464,11251,7908,1844,7221,10275,7616,8270,10571,18967,7158,18489,7353,21908,7848,7516,6565,7629,10413
"ENST00000496009.1 gene=C9orf117",7205,2053,12503,6462,5390,4114,17248,5465,2707,10038,7536,7028,4224,8241,15132,4995,17824,4871,19229,4920,2489,1215,7540,14991
"ENST00000262878.4 gene=SAMHD1",3501,4550,5660,4767,4466,3101,4106,4170,3190,2277,5836,4543,4801,7137,11062,5608,11496,5049,13172,7084,6599,5150,5272,10629
"ENST00000519097.1 gene=TEK",6833,7145,5527,4966,10158,5020,3970,2276,1642,2654,8865,4196,3882,10634,9899,4254,14833,3155,10359,7463,6528,6137,4946,10938
"ENST00000475170.1 gene=ITGB2",1321,3656,4029,3029,3090,1595,3181,2405,1399,2008,3970,3270,2748,3521,4464,2475,5665,2671,7895,3614,3541,2767,2525,4941
"ENST00000449290.2 gene=TRIM51",2655,1393,3625,1070,2505,1308,3074,1135,1749,1338,1834,3344,2036,3938,4540,1881,5788,2144,5073,3610,2988,1982,2943,4931
"ENST00000324189.4 gene=B3GNT4",972,3336,4011,6637,5679,2109,4123,3140,1054,2131,5946,6615,2902,6234,4715,3306,5095,3909,8905,4517,6725,3413,2430,6516
"ENST00000373826.3 gene=RAB42",2393,6179,6799,1416,4701,2742,4588,3902,2360,3022,3067,4152,2082,4270,4400,2898,8277,3345,11439,5782,3962,2365,3439,6638
"ENST00000361972.4 gene=SFMBT2",38131,33822,56024,42965,33060,13925,41071,16043,26728,3632,25626,37136,34734,26795,38341,22420,42565,25293,59624,25032,27799,15663,13441,23649
"ENST00000391788.2 gene=ZNF528",11841,14334,16869,11779,11102,8200,14600,6695,2327,10396,3721,6350,5261,11855,17034,6675,17998,7732,12803,10136,10366,6476,9064,14008
"ENST00000591961.1 gene=ALG1",7395,2001,12456,9596,8808,5636,14652,3593,2945,2689,5340,6402,5916,7555,9355,4196,8155,4680,5364,6937,5781,4883,7618,12407
"ENST00000486171.1 gene=PRSS1",1070,1791,661,1539,661,745,752,1067,358,405,1065,703,637,1556,3060,1443,1708,1484,2086,819,1716,930,760,2021
"ENST00000486712.1 gene=MAPKAPK3",1409,1176,1595,1330,1628,865,1374,485,830,551,406,956,602,2222,1777,692,2379,436,2023,445,1109,823,736,1486
"ENST00000315580.5 gene=ARL6IP4",1980,3929,1482,4166,2266,1725,6177,2935,2049,4359,3984,2079,2595,2854,5813,2221,4216,3900,7652,2040,4780,2080,3734,5472
"ENST00000424085.2 gene=PUM1",10010,10424,19984,13990,18528,7340,5115,13182,1783,4513,7845,14693,4947,9274,13062,6739,23345,8540,20628,4761,10095,9035,5759,12761
"ENST00000373635.4 gene=PSMD1",33669,40336,28471,13741,25995,1648,52074,23977,13824,15787,44038,12608,10132,14930,27085,11913,22052,18868,49698,10460,35724,11197,22475,33138
"ENST00000377038.3 gene=DFFA",10187,20858,5310,23028,19394,12627,14825,10501,6945,15449,21441,18908,14951,9051,25705,11480,31395,12750,32288,13947,20627,13351,12282,20719
"ENST00000523303.1 gene=INTS9",6517,11216,5338,6721,2090,1903,10794,4254,2529,2061,7312,6709,4376,4957,7849,4690,12194,3044,10536,3598,5413,3840,4766,8500
"ENST00000164024.4 gene=CELSR3",22728,15581,19275,8712,17225,7489,22194,19027,5129,14380,28194,14081,17556,19953,36615,16618,44172,16623,42098,23744,21067,14777,17954,26520
"ENST00000587486.2 gene=CALR",1131,2780,1414,1895,3030,953,1497,1853,323,1319,1243,1477,1163,2304,2396,841,3446,1065,2496,1168,1128,1373,1572,2326
"ENST00000309384.1 gene=KLRC4",2810,4440,5913,4689,1966,2043,739,2335,1559,2186,3616,4953,1956,2780,3996,1948,5019,2782,5383,3798,2961,2519,2726,5624
"ENST00000268099.9 gene=SCAMP2",3245,2168,4096,5451,3341,1798,5325,4141,1902,3531,4398,4010,2710,4509,5499,3737,10267,3014,9528,4275,4341,3429,4232,5075
"ENST00000229769.2 gene=FANCE",3411,5326,7257,3129,3116,1342,7811,5116,4409,5899,5715,7686,3704,6305,8149,2650,11356,4035,10668,5128,6651,3269,4231,6301
"ENST00000599536.1 gene=CTD-3148I10.9",2467,1118,3705,1599,597,2332,3457,1880,980,1964,2777,2329,1336,2037,2719,1128,3764,1003,2913,2237,2085,1356,1766,2275
"ENST00000483894.1 gene=FUBP1",1046,1292,1122,507,1230,673,1013,707,383,659,1652,1009,538,1330,1705,730,1163,1276,2360,1067,1065,737,1172,1462
"ENST00000233826.3 gene=KCNJ13",7485,5719,20755,27977,13154,9500,2527,19761,6458,5112,17218,10230,7552,9454,18444,12870,24859,4966,31502,7255,8895,8118,13494,23699
"ENST00000504543.1 gene=USP17L28",2003,3342,2444,3701,1600,845,2375,1365,1001,1437,4680,2047,2126,3830,3814,2242,5756,1922,6460,1898,3327,2252,2407,3496
"ENST00000310903.5 gene=MYO1H",11549,19936,15939,14040,28521,2173,22683,9791,9809,17067,17239,17815,4396,15424,39079,12670,21166,5774,27367,13039,24642,10198,6696,23596
"ENST00000314332.5 gene=HIST1H2BC",705,588,1028,1082,973,523,2020,829,422,799,822,1024,934,923,1404,900,1758,854,2260,838,1403,751,1089,1569
"ENST00000262113.4 gene=MYOM2",6895,19173,14289,11454,12030,5929,13388,3180,3450,6921,16445,14323,7459,14175,14138,9115,18010,8087,26714,10546,11095,6710,11169,10371
"ENST00000244040.3 gene=RAB22A",8494,15142,18655,18211,6778,4713,18415,14598,6929,5658,13219,15877,15265,15068,29431,11224,28489,9319,28457,15038,15702,11295,11377,25285
"ENST00000394233.2 gene=ABCD3",2134,4746,3343,2662,3619,2269,3532,4115,2444,3710,5323,3110,3179,6144,7558,3608,8547,3475,8666,5456,5812,3146,4173,6705
"ENST00000404535.3 gene=THTPA",6280,5503,1512,10683,6195,3366,11529,11243,2956,6883,9703,1804,8035,7524,10701,5028,8190,6246,10409,6668,3658,5156,5735,9625
"ENST00000391437.1 gene=DKFZP667F0711",3820,4178,3643,5644,4217,1258,4894,2072,1703,1698,3555,3104,2904,4704,6271,2250,5872,2628,8167,3672,3998,3182,3320,7161
"ENST00000597800.1 gene=AL359693.1",232,261,266,150,249,161,221,232,149,161,329,222,229,391,682,243,586,290,747,312,304,280,277,439
"ENST00000388837.2 gene=KRT18",903,2359,3946,2170,2097,1640,1291,2398,845,1060,2886,2726,1236,2463,5585,1091,2891,1694,4359,2437,2071,1859,1861,1758
"ENST00000404459.1 gene=LIPN",2134,2473,2075,2927,1667,1739,889,2019,1946,2646,3220,3490,2491,2973,4834,2327,5401,1554,5327,2572,3541,2294,1922,4776
"ENST00000247879.2 gene=TAS2R3",4791,6222,844,6883,8355,7020,6518,4623,2379,3934,8199,13301,3030,4510,3756,2491,13604,3093,8764,5230,6007,2807,4206,7632
"ENST00000262429.4 gene=ATP2C2",12070,2807,7196,10026,14488,12802,12319,8276,1672,3601,20391,9705,5721,6570,19012,8496,23642,4826,16957,7800,9406,4302,8206,12942
"ENST00000540762.2 gene=FAM101A",3462,4482,6692,7539,475,3301,11256,9953,2602,5208,2346,5771,2623,3696,4421,1265,8247,1438,9738,6214,5031,3837,3518,6593
"ENST00000263382.3 gene=ASF1B",1592,3873,3712,2048,3477,2026,2931,1301,1163,956,5679,1465,2398,4483,4973,2976,7503,1958,5241,3677,3888,2242,3361,5187
"ENST00000333172.6 gene=TAS1R1",2009,3009,3254,2961,2396,1793,3978,2287,1094,2110,3558,2166,3043,4613,5466,3310,7129,2643,8322,4472,3680,2793,3999,5850
"ENST00000084798.4 gene=CA11",6099,6563,10059,14467,4470,5295,7564,4166,4186,4973,7001,6740,3010,6235,11943,954,6104,539,18405,5182,7736,4460,5177,1631
"ENST00000368921.3 gene=MLLT11",7364,12510,7120,5363,9612,8959,7646,2185,4857,2551,7497,5013,3690,7893,14337,4764,7408,4137,12558,11299,5767,4270,4630,13797
"ENST00000472091.1 gene=ERVFRD-1",5630,5436,14075,4465,5313,5048,7338,7019,2522,4145,2704,2725,5748,7977,11929,5241,12723,4045,16308,6562,5471,4380,5120,9500
"ENST00000250003.3 gene=MYOD1",7046,3532,7589,10040,7263,1520,11382,5995,4143,2923,18523,12181,5272,2669,6021,5237,1647,3593,17338,4555,4491,6800,4666,9223
"ENST00000366845.2 gene=AC092811.1",1994,2665,1562,1739,1830,1422,1400,1444,936,1343,2461,2056,791,1257,1982,855,2339,1023,2601,1150,1014,1029,1126,1220
"ENST00000295759.7 gene=GLB1L",2578,3473,2521,1896,2643,1822,4150,2231,1442,1746,3511,2817,1414,1852,2661,1492,2819,991,2370,1284,1597,1207,1426,2376
"ENST00000461153.2 gene=ANKRD36",34851,47692,59668,47535,48371,25047,39361,28062,28834,19761,5416,18641,11259,21318,39837,17765,42991,18019,33767,17400,22340,17313,26588,32860
"ENST00000263341.2 gene=IL1B",2091,2587,2090,1619,1487,1153,2586,1800,635,716,2376,2294,698,1014,1763,733,2500,870,1742,1048,767,634,857,1421
"ENST00000471693.1 gene=SRRM1",2496,4785,2089,2181,4388,3271,3147,2028,3062,1262,3018,5822,1995,2004,2799,1206,283,779,3643,2322,3106,1505,1252,3840
"ENST00000265433.3 gene=NBN",5217,8032,5567,7030,9147,6865,5988,4121,5834,5054,14493,12956,3782,2121,4542,4097,8974,4484,4885,4656,4823,2953,2101,6658
"ENST00000409035.1 gene=CTD-3222D19.2",9479,15447,15048,16973,28708,14348,32183,21071,956,7769,38140,26809,11372,16614,9885,6828,41018,13194,38324,18763,9037,5965,11291,15846
"ENST00000297012.3 gene=HIST1H2AA",339,3598,4367,5247,3304,3048,3962,3400,678,1643,2896,1508,1483,996,3010,2002,1041,1614,2008,2379,2134,1115,1038,1673
"ENST00000489029.1 gene=FAM53A",584,722,520,500,671,422,631,591,274,381,535,553,258,400,536,250,500,260,578,412,360,253,260,429
"ENST00000492950.1 gene=USP21",11647,12406,10913,879,13819,9205,2132,5176,5759,6599,16570,8004,5645,4437,14066,6629,18979,8260,12831,8583,6381,3503,8710,16345
"ENST00000344788.3 gene=TFAP2B",17597,19408,21381,10036,24759,22993,18562,25768,305,11442,20439,12787,4353,19195,21760,9383,8968,999,18496,9894,11137,5870,15805,24824
"ENST00000466256.2 gene=CROCC",12148,20319,5073,2684,10538,4862,9231,5097,8203,10003,14831,9237,3636,6972,14575,6728,13050,3725,20758,11689,5529,571,7499,14794
"ENST00000374875.1 gene=NRP1",63822,80675,40601,52567,22108,2686,48546,49473,42959,47529,74745,52512,36519,49594,43966,20715,80240,36504,70998,50820,24505,23677,38071,61895
"ENST00000491959.1 gene=ZPLD1",32427,1965,43733,38994,27178,22578,58322,26229,6609,7109,81524,49177,12645,10508,16281,9657,33494,16703,21053,17141,28172,20001,15074,24442
"ENST00000414301.1 gene=SEMA3F",8178,14550,3423,12113,9247,6888,5197,7533,397,3847,12334,7848,3741,5964,3751,3646,8145,2951,1759,3811,2012,636,2392,3923
"ENST00000320084.7 gene=HNRNPC",11798,18702,7195,5607,9817,7711,8388,5066,4067,4580,14116,15034,1052,3572,8764,5570,6807,2398,12947,7500,5837,3610,4635,6425
"ENST00000339554.3 gene=NSMF",2643,2719,3812,2683,2395,1908,3585,2325,1350,1777,4010,3619,1459,2206,2265,1301,2871,1197,3528,1875,1971,1556,1423,2167
"ENST00000235307.6 gene=C1orf21",1790369,2939664,1898570,2238750,2076350,911671,1863931,5681,1496659,929442,1050893,1866460,557289,1052519,1179821,713174,2297788,1080563,3754803,1560555,271540,286410,335659,1237604
"ENST00000591700.1 gene=ASB16",872,438,2396,1855,2341,1625,2348,1765,929,1097,4878,3336,232,1527,2070,1718,1043,342,2737,1217,2352,1841,2169,4218
"ENST00000440612.1 gene=CGREF1",1522,3313,2805,2399,1915,1696,2770,1492,1368,1977,2475,2196,670,1503,1147,1180,2070,1214,2275,1457,1325,1338,1306,1910
"ENST00000444782.1 gene=RELL2",3134,3669,11043,10632,8408,6884,7220,3217,4258,4834,7139,7970,3983,5466,1498,1701,5862,2809,8163,4159,3201,2530,2807,4948
"ENST00000403205.2 gene=ZNF621",24285,24180,13405,32641,12753,923,10606,13532,5588,7259,7927,39871,13164,25402,21169,7362,26620,10186,11082,4300,10185,10789,4141,8199
"ENST00000583473.1 gene=RGS9",2831,3487,1399,6188,9761,4645,7043,9229,3791,5103,9430,11634,3837,8230,12441,2171,18028,6090,11884,4256,331,321,6529,5619
"ENST00000317697.3 gene=ASB8",3969,11895,27171,28767,18854,5275,36294,22928,8700,1948,21543,18862,7084,9969,6273,3770,4099,821,29450,18581,24252,9939,13630,14619
"ENST00000319670.9 gene=ARHGEF18",9627,4299,9747,7536,12920,10473,4733,5738,2459,3752,9473,10526,5347,9753,6811,4466,12244,3260,8340,6077,7283,3258,3194,7388
"ENST00000538115.1 gene=ZAN",17351,27015,27545,21013,29966,22248,40224,30694,15518,21565,7874,6188,15235,24439,12132,5772,23064,9350,12554,6086,8898,3487,4776,9600
"ENST00000303230.4 gene=HCN1",23173,31489,76760,63921,27050,11278,40894,24912,11471,2496,22932,20452,20088,31175,71858,32419,19073,7687,70737,35646,20119,12313,39990,68697
"ENST00000507492.1 gene=MSANTD1",58623,95909,68094,77113,131037,13070,116552,69106,15029,31981,235140,107821,27499,27869,17042,33765,81564,33681,82022,27074,42355,36128,20284,1295
"ENST00000407991.1 gene=CHRNA2",18804,41409,10082,31071,27780,2028,18760,30143,10660,30081,40546,32756,4810,8180,24526,4292,23755,18532,42072,26579,13148,9728,13528,17756
"ENST00000359309.3 gene=CDK5RAP2",113800,265423,67636,155885,157603,81405,128889,106019,69670,138381,199191,137042,55212,145493,135869,1915,257729,49289,196339,143202,60793,82879,92094,182711
"ENST00000596207.1 gene=PRED58",758,564,3055,3047,2146,1805,3733,2707,773,693,3987,3691,1274,1319,2003,909,3356,1348,2141,1131,368,298,1713,3013
"ENST00000393459.1 gene=SFXN3",14902,20642,8162,7489,9598,9187,15761,13532,10955,12361,12885,15268,1631,1888,6873,4692,3007,978,14491,8870,3982,1630,5254,10708
"ENST00000393547.2 gene=DBF4B",2838,4463,4588,3600,15628,7634,3469,4327,10607,13942,9490,8730,1104,2226,3745,2532,2895,1128,1492,868,9189,5849,2480,2377
"ENST00000565620.1 gene=SIAH1",815,757,1171,708,640,557,793,437,441,453,848,856,131,520,584,326,654,312,710,396,392,332,333,552
"ENST00000228434.3 gene=CD69",23610,32766,17790,9917,24537,17116,1330,1400,5543,7541,22702,33036,6271,4705,17121,10083,18070,5630,16042,7227,7234,4695,4606,11590
"ENST00000441003.2 gene=MUC2",25375,34168,54260,43461,55533,21352,42761,14786,9647,5299,31826,32202,10110,4073,18550,19170,21743,17100,21200,4594,12759,8508,16482,24865
"ENST00000600091.1 gene=AC091150.1",1709,2004,985,748,600,309,866,502,394,645,557,408,413,361,2846,1122,694,293,2050,891,1690,1109,837,1632
"ENST00000592065.1 gene=GFAP",306,340,464,534,491,585,673,335,69,202,239,338,237,227,355,196,298,130,352,171,261,207,187,286
"ENST00000379485.1 gene=KBTBD6",3668,18133,50363,18732,16503,14117,8927,2910,2799,7094,46485,46539,2963,15763,38645,13681,23111,12415,21824,16531,12109,16807,19809,29660
"ENST00000215909.5 gene=LGALS1",523,765,617,524,680,323,691,323,231,319,584,455,185,349,515,158,693,195,654,243,214,222,247,425
"ENST00000591090.1 gene=ASNA1",2889,1359,5923,3303,4932,3223,10941,6495,2251,4958,3161,2047,3273,2035,5996,4534,9505,4238,6060,3987,1340,3907,3147,3624
"ENST00000518852.1 gene=PPP3CC",9986,13597,2625,8205,4957,1806,1166,9669,5956,7104,11240,4657,4733,4446,3924,4292,3539,4402,14829,5432,6723,6058,3493,6995
"ENST00000451608.2 gene=RP11-287D1.3",8500,7936,9216,11028,16252,7060,22317,5984,7864,6219,16607,4528,6439,5285,8022,5637,18594,4662,20892,10591,2202,2541,4236,15978
"ENST00000355612.2 gene=KRT39",1639,3249,1939,2147,2897,1693,2133,1905,1251,2182,2265,2965,547,1329,2416,767,2537,1283,2867,1044,1205,865,1552,1379
"ENST00000358799.1 gene=AL627171.1",126,191,170,214,219,49,219,137,65,95,37,61,132,176,187,90,244,72,276,113,97,71,110,95
"ENST00000539803.1 gene=C1RL",4817,7162,3937,3430,7306,4969,7983,5903,4724,6495,7777,7007,3117,4401,3988,2711,2725,1443,6639,3348,946,299,2928,6094
"ENST00000377981.2 gene=OR13J1",9740,14459,13920,11538,6972,6394,5004,5041,4760,5940,11142,8968,2536,2451,7190,3207,4438,2189,6270,445,2378,1273,5050,7102
"ENST00000361757.3 gene=SBNO2",12835,14369,6442,3745,18777,13980,14044,5422,5915,8750,25242,22221,4768,16607,22035,10797,9471,4311,20517,16527,22826,16571,7305,10457
"ENST00000302550.11 gene=DESI2",61807,70772,70878,35220,78071,42950,78423,61791,31188,41963,63061,57689,13818,28216,9194,1301,20731,11042,42084,22330,30355,10611,18899,25146
"ENST00000495362.1 gene=POPDC2",1180,6002,6300,3740,5371,3347,219,4277,1125,2151,8155,3672,2095,2090,3859,964,1487,1574,3202,1210,937,1647,2489,3065
"ENST00000265350.4 gene=MED20",4571,6886,4951,4392,1957,2179,7758,4800,4298,4338,10082,5583,1992,1856,5771,2521,5943,2332,9415,2650,2554,1376,1302,1843
"ENST00000246081.2 gene=OTOR",6328,9299,10041,6145,17149,8544,7592,7527,549,2273,9535,9904,5291,5860,10753,4208,10227,3353,10875,8754,2212,4700,5342,12033
"ENST00000357718.4 gene=ANXA8",1936,2941,1726,1409,2571,1276,1942,1007,902,1475,2967,2492,1110,1394,2408,869,2845,822,1731,1030,1804,998,1061,2022
"ENST00000415365.1 gene=BZW2",3096,1890,3870,2577,2118,1427,3125,3537,1121,3024,5566,5567,435,1300,3860,842,4284,1321,2188,3061,2038,604,1682,2163
"ENST00000506198.1 gene=TMEM165",1050,1478,1675,2108,500,802,859,991,627,772,2132,2069,1575,1791,1054,421,2189,764,1927,1217,369,919,1045,1957
"ENST00000586470.1 gene=ZNF556",1867,1929,2026,1018,1194,426,1748,1550,864,1070,848,336,546,765,1840,666,1517,394,1001,1016,436,373,844,1185
"ENST00000299004.9 gene=AMOTL1",1428,1593,3293,2536,3807,2359,5017,2149,999,1749,1267,2800,1092,1491,2413,892,2524,1485,901,288,595,914,1608,2805
"ENST00000316517.2 gene=OR56B3P",801,873,907,755,963,604,672,615,411,487,888,839,310,381,859,381,744,276,1057,364,557,393,385,552
"ENST00000262461.2 gene=SLC12A2",6822,6025,36286,24433,6508,8826,25598,16829,15021,18423,14323,10808,4669,8949,20169,11352,16046,7706,18335,6240,12870,12137,13940,20796
"ENST00000536699.1 gene=PCDHB11",15530,24820,5557,7954,9423,9364,1656,13108,3733,6838,22426,21468,4774,7140,8009,5234,13214,5804,8901,9239,8030,5580,6295,6371
"ENST00000497238.1 gene=TLX2",6215,10282,5235,4622,9411,5728,10860,5868,6708,6246,14746,10096,682,4021,6130,3686,10737,4604,594,3274,4876,4348,5250,10944
"ENST00000301190.6 gene=ANKRD33",1267,11310,10890,17855,8770,4753,18708,9773,7142,5652,2618,10450,7734,12886,6856,887,17980,2914,22439,10375,3851,7334,10538,5527
"ENST00000506401.2 gene=ITGA3",2868,5047,2523,1869,6139,3513,1433,998,1006,1850,3108,3040,1277,2045,3679,1821,4291,1318,2714,1056,1649,858,2046,4238
"ENST00000283290.5 gene=ATG3",7963,9628,11612,12161,7008,5732,9541,3347,2689,2358,4270,5381,4822,6067,981,2279,3149,1796,3328,2601,5753,3061,3673,6039
"ENST00000443687.1 gene=TWIST1",1190,2384,2391,1144,2730,2598,2561,2678,1639,2113,2145,2165,1291,1804,1853,1072,2203,643,1106,213,1466,932,1334,2065
"ENST00000433484.2 gene=HJURP",676,818,940,773,807,499,719,582,352,409,651,652,258,457,800,273,579,320,928,470,428,339,349,452
"ENST00000342932.3 gene=PPCDC",4120,6742,9972,8556,9853,5263,5962,3564,2966,5013,2250,1584,1458,2708,7217,2929,10055,4068,8831,4164,5161,4073,2851,5072
"ENST00000409011.1 gene=GEMIN6",2850,2705,5230,4572,4790,2458,3966,3946,602,1565,3490,3373,750,2481,3162,1443,923,532,4741,1395,2644,1691,1486,2037
"ENST00000394485.4 gene=MT1X",15090,14907,3669,16952,11317,8285,20810,6532,9686,11193,19655,17803,142,4953,5663,6108,11663,4652,27356,10885,5424,6267,2626,10578
"ENST00000523752.1 gene=TNFRSF10B",15137,30023,36533,22797,28677,27470,33209,19637,11870,15781,23123,25768,17468,18099,19804,8052,28626,11267,30757,8085,7304,1014,15979,16679
"ENST00000549736.1 gene=RPH3A",3980,1425,3024,2270,4407,2613,2511,2865,444,543,5243,3586,1724,1340,533,502,3892,2154,2054,1390,1181,926,196,991
"ENST00000585547.1 gene=CTD-2528L19.4",9540,8732,10154,5553,14058,4440,8546,3941,3553,211,13573,5913,2092,4234,6157,3683,4559,2030,8431,6184,5345,2782,4338,3867
"ENST00000328882.4 gene=OR4F6",2377,4042,1406,1333,2149,732,3923,1989,720,875,2495,1704,1583,2395,2131,631,2849,1567,3127,1841,489,299,873,1890
"ENST00000536441.1 gene=SESN3",6277,8471,9503,8220,7849,5079,8733,6041,4055,5221,10033,8799,3386,4971,6225,2774,9345,3808,10426,5588,5222,3682,3868,6841
"ENST00000230993.6 gene=SLC4A9",2195,7185,19253,9243,23915,12047,14619,11609,7210,9045,10849,12185,6968,8448,6713,7473,9424,6072,21128,11995,5057,2599,3026,12926
"ENST00000368485.3 gene=IL6R",17566,28920,28528,24246,10112,6784,19505,12902,5269,6202,24054,23478,7689,13456,18171,8881,15021,8560,15838,8500,7886,5091,2197,7625
"ENST00000295228.3 gene=INHBB",9414,13378,14373,8768,5580,4013,10885,8931,1672,3667,7809,7471,4166,6799,9147,4997,8105,4532,7704,1402,4709,5213,3546,7012
"ENST00000488252.2 gene=MEF2BNB",2718,3759,3201,3910,4061,2517,4636,2748,1284,1866,3760,2306,1593,2378,3480,1532,4486,1427,2749,2198,2090,1445,1931,2470
"ENST00000506693.1 gene=ZNF346",1049,1145,1436,1347,1357,880,1193,771,670,838,1576,1538,502,749,1115,452,1386,553,1605,759,624,353,586,1071
"ENST00000290913.3 gene=CHCHD6",783,1225,1067,789,922,517,781,744,431,599,825,785,375,571,852,378,892,369,911,530,503,321,507,705
"ENST00000259006.3 gene=LIMD2",7996,11946,13811,14436,11429,9758,19488,13005,9530,11556,14887,9644,5456,9047,2277,4809,6804,5119,13842,3595,8307,5121,10735,11375
"ENST00000444472.1 gene=ANKS6",2561,2983,5871,6308,2328,1940,3757,3229,841,1449,6881,5174,1747,2390,1767,1285,3429,1115,4660,2077,2261,1622,2806,4384
"ENST00000465198.1 gene=RHOQ",3500,5008,309,628,2578,1530,2436,1447,1599,1758,4273,3343,1607,2432,3790,1780,3770,1445,2819,1073,400,205,1282,1789
"ENST00000334464.5 gene=PDZD8",26622,7298,47045,46167,66629,44281,24630,23053,20188,23109,38600,34062,15735,17741,26780,21020,53390,22202,70404,28554,15884,1938,24732,43218
"ENST00000540061.1 gene=AL050302.1",826,1827,466,334,639,510,1031,647,373,128,1199,666,288,601,100,137,626,332,1113,668,560,410,544,702
"ENST00000246554.3 gene=COX6B1",517,873,988,616,990,591,836,646,389,408,859,533,319,502,611,405,967,502,1233,441,517,250,402,664
"ENST00000321685.3 gene=DNAJC4",5884,4439,12296,12630,15274,6204,10571,7878,4322,12798,24481,12108,367,3964,14392,4482,8320,5637,13292,9179,10003,7825,8058,11854
"ENST00000368318.3 gene=RXFP4",5535,7551,7708,7899,16461,8182,844,5778,1617,6407,11229,12084,3205,5047,794,1326,6530,2521,9230,4925,2260,1637,4114,5501
"ENST00000437887.1 gene=AC012215.1",7262,10159,6689,4767,5946,3902,10961,5245,2300,3303,9326,4928,1300,3685,3878,2779,4302,1722,6694,3567,3333,1756,3474,5367
"ENST00000273130.4 gene=DYNC1LI1",3814,4327,6342,6808,4228,5910,15017,10325,8807,7933,19276,12691,4252,6913,11045,4776,10673,2912,12186,4997,6730,6481,3529,1423
"ENST00000469606.1 gene=INTS7",17162,15093,19800,25381,6642,11825,17781,16374,9936,14020,23480,16499,5794,10614,18951,8404,16056,1336,22874,15493,4219,4754,2307,8233
"ENST00000557943.1 gene=ETFA",27430,15949,37846,28366,32058,14997,21344,25455,12966,5740,1847,11449,12590,23729,22634,5589,37818,21072,14843,11620,17068,3971,16655,30217
"ENST00000508604.1 gene=NUP54",8157,8336,14828,10249,3040,1855,9766,5743,3583,3335,3226,1296,4263,4678,4316,2223,11286,4062,9503,5087,2675,3094,2840,6494
"ENST00000328895.4 gene=GKN2",1714,709,9844,8087,13850,8133,8429,4360,2421,981,11974,13289,2448,3127,5139,2764,7551,3137,6234,5555,5625,2523,5302,9159
"ENST00000289269.5 gene=PCDHAC2",37516,46847,43288,47563,27334,36592,4949,3741,10294,13651,63986,56760,20642,38567,50356,16535,50060,9170,73172,48034,38276,28162,14641,21069
"ENST00000295304.4 gene=CHAC2",1176,1161,3699,3650,2825,2574,1946,1526,1175,1671,1914,1989,873,1311,1856,794,2474,701,1487,777,1624,494,1185,1694
"ENST00000441210.2 gene=TINAGL1",1084,1387,1622,1551,1245,814,1214,584,650,846,1361,983,575,690,917,594,1272,545,1385,744,736,470,416,884
"ENST00000371362.3 gene=LDLRAD1",1530,2679,4139,3556,1107,309,2173,1521,2080,2586,2478,1866,1644,2418,621,296,3247,1061,3524,1681,1541,1372,1440,2254
"ENST00000594393.1 gene=AC004528.1",112,653,529,359,137,249,1149,184,225,265,927,910,181,362,769,196,327,84,550,26,452,72,327,289
"ENST00000420723.3 gene=SBK3",4454,1140,2663,2822,3922,2370,1458,3245,3611,3876,5842,4283,1195,1062,2311,414,1640,1119,1339,931,3172,2156,2903,2287
"ENST00000296641.4 gene=F2RL2",19906,21365,24679,20044,23474,17125,19789,13906,18081,23884,3749,2382,9278,13855,32242,15635,9361,4353,37809,18852,14030,8766,11014,16945
"ENST00000496335.1 gene=PDAP1",201,332,312,256,244,188,380,264,151,191,380,349,116,186,315,103,370,111,371,136,143,91,137,200
"ENST00000519948.2 gene=ATXN7L3B",40291,73216,66393,43823,104803,47310,54272,46086,41410,10188,56131,2388,28062,36351,60979,30994,81538,31396,86164,38834,67635,45794,38845,39187
"ENST00000330368.2 gene=ACTRT3",2963,3540,2107,2455,2353,1527,2836,1959,1367,1952,3507,1219,1847,1860,3084,1038,3588,1577,2751,1206,1977,1457,2112,2189
"ENST00000523021.1 gene=PDP1",330,3216,8812,7183,4440,2558,6167,5636,2308,6276,6058,5220,3438,4691,6718,1582,4753,1662,5843,3335,3359,3508,2133,2166
"ENST00000469032.1 gene=CALB1",7598,7262,7633,7058,5860,5673,12149,6189,4668,5734,11063,12269,4261,6821,3642,5101,4810,3732,8335,2711,6538,6066,4586,5932
"ENST00000358691.5 gene=HELZ",49373,29510,210323,131127,69421,48148,185914,65460,16317,76901,67369,65515,39008,6560,91668,60667,111474,20476,52016,19229,62615,26386,29672,85971
"ENST00000592551.1 gene=C19orf66",6738,9108,10382,8225,3368,1232,3340,1844,3697,3190,8837,7331,2876,1076,811,673,3276,1039,4064,1746,4486,2305,4048,4684
"ENST00000411526.1 gene=PAXIP1-AS2",2318,4684,901,1484,2372,2842,5805,4609,3428,3116,1345,4610,2788,1902,1439,424,5738,1748,4340,2579,2521,2188,1030,2431
"ENST00000524943.2 gene=OR8G5",773,1027,967,992,1077,740,810,677,475,580,932,829,384,553,825,489,1012,361,1082,613,730,422,600,845
"ENST00000249270.7 gene=DNAJC2",2988,4007,2664,3446,7119,5703,6247,5513,1774,3563,8614,4593,647,1856,4178,2101,3685,1578,1570,1399,1841,1021,3600,5989
"ENST00000323777.3 gene=HSF5",4707,4920,8017,6040,8159,2062,7269,5867,3161,4780,7320,5578,2478,4140,2488,3293,7082,3400,7954,5185,3337,2492,2999,3475
"ENST00000255040.2 gene=APCS",3776,3680,6320,5079,5734,4012,7181,3445,1401,468,6905,4189,1926,2308,5573,4411,5622,1592,2296,709,3242,1460,3820,6423
"ENST00000367846.4 gene=MPC2",5260,7612,9878,8289,5838,3828,4663,2467,3219,4117,11879,9765,3772,5628,4636,2049,7521,3153,1762,1380,3728,2741,4932,8129
"ENST00000490386.1 gene=CLEC3B",4870,7388,7807,5419,2492,2684,896,2533,3642,3538,8288,6413,771,1814,4444,1848,488,509,3563,2727,2856,1474,971,720
"ENST00000593466.1 gene=DDA1",4028,6837,12887,14860,5424,1579,8176,7384,1492,2806,8548,9315,5083,3897,7180,1710,6941,4171,2917,2072,3061,252,3185,1663
"ENST00000323346.5 gene=SLC17A8",8440,12057,3363,2833,9292,4308,5815,6659,2536,4793,11287,10307,3387,7175,8677,5421,12400,3516,4323,5344,6036,3364,5016,9869
"ENST00000007414.3 gene=OSBPL7",14005,2987,32916,28701,25735,15411,31450,32336,12056,16136,25335,19446,12082,17572,21355,8008,14171,15131,21710,11599,10235,4533,14464,11257
"ENST00000318801.4 gene=SYNGR1",1332,1155,6862,6333,9124,6400,14148,7576,4696,5805,1945,1087,2548,3957,11805,5383,12826,4958,17291,8901,7860,5165,1953,2367
"ENST00000263160.3 gene=SLC17A6",61779,59922,65689,21514,54303,2016,80341,7366,26825,26753,61642,15148,11962,29250,70623,36936,106710,28521,73992,18693,70881,30358,31584,14902
"ENST00000354666.3 gene=ELOVL2",5739,5817,14036,15891,8319,4610,14507,7282,6435,9777,10724,13426,1107,3201,6915,3042,12547,5696,5902,2343,8100,5311,10656,17073
"ENST00000556961.1 gene=FBLN5",5746,7695,10996,13808,9640,6124,4911,5308,3371,4543,17780,13951,1851,4484,10084,4036,9796,3582,13716,3760,2104,767,6949,13657
"ENST00000367817.3 gene=DPT",30149,32101,7824,17194,21920,7419,13165,18198,4790,14683,30517,23534,617,15819,11427,532,17989,10537,31474,8780,16575,9927,4717,11722
"ENST00000546443.1 gene=CALCOCO1",8893,18316,15825,11627,12541,12126,11247,3051,560,5481,17928,21545,6745,6077,9268,6847,7971,4657,5510,6221,6279,6464,8321,11319
"ENST00000591423.1 gene=CCL23",4084,5824,3425,2480,5349,2876,4407,3857,1727,2356,6065,3831,171,701,2906,1520,5128,1710,3118,1399,2147,1416,2278,4144
"ENST00000462625.1 gene=LIMK2",1479,1986,1809,2091,1575,1516,1953,1270,402,1110,2631,1396,328,612,1200,745,2099,637,2131,621,747,619,953,1077
"ENST00000339021.3 gene=UBE2I",11541,18277,7304,5151,5810,1604,9571,4522,2809,3105,11376,6888,4404,6707,9737,3359,11024,4964,13508,7467,5517,3523,3004,6179
"ENST00000281017.3 gene=TMEM18",108831,306182,2426,245702,297102,140389,214400,165851,109950,207310,163556,182627,91080,120545,13997,130449,233292,45130,264873,49776,223252,21275,145443,140803
"ENST00000373043.1 gene=C1orf122",1545,2253,2324,1945,2033,1332,2246,1398,1039,1317,1799,1521,866,1316,1746,772,2210,799,2057,1132,1288,786,1073,1608
"ENST00000284601.3 gene=PPP1R3A",12353,20237,14721,33177,20630,2232,28488,16318,16495,18757,8916,17239,6785,24217,19826,17348,36596,8557,29352,1934,17119,4266,14790,23599
"ENST00000377600.2 gene=BTN2A1",1862,10385,37110,42304,47564,30303,13187,6666,18280,16401,19473,12627,9280,11853,38236,17692,12122,5096,33670,23249,17244,6766,11813,18233
"ENST00000326695.5 gene=RIT2",3835,1837,7247,5307,5369,3363,5592,4022,1081,1780,919,2773,2903,2459,5965,1782,4623,1855,865,1584,1951,1344,3386,1506
"ENST00000338560.7 gene=TRPV2",24935,43040,36339,23801,16915,8271,29519,22226,9280,12712,3450,2239,7065,15031,28954,11294,16550,5406,29591,10640,13947,4373,11311,24799
"ENST00000254900.5 gene=BRD8",94373,113152,81770,24875,18920,7779,88705,40904,32637,29610,65722,56252,33598,47981,42468,7148,3510,14619,45602,10360,27374,25013,31127,34622
"ENST00000450554.2 gene=U2AF2",14189,53839,37946,31149,20647,19499,27368,14984,1869,11835,21904,12930,9728,15105,37059,25603,49647,17586,24276,18149,12215,932,25570,34410
"ENST00000399134.4 gene=EVPLL",1699,2230,1946,1729,2165,1292,2137,1524,841,1067,2362,2175,814,1384,1450,673,1945,784,2310,1327,1374,1016,864,1090
"ENST00000527805.1 gene=ATM",24449,62641,98138,3522,150627,118198,150351,104181,59041,28457,129229,46474,20347,37764,62985,72693,110910,46677,33999,39369,54560,33257,20763,97898
"ENST00000314644.2 gene=OR4C15",2460,6573,11318,11024,4711,4342,9265,5371,1259,5323,3943,13111,4150,6458,1331,328,5862,2343,8483,2300,7247,2918,5280,4907
"ENST00000260988.4 gene=CRYGB",12256,11779,7551,9087,5440,6993,8287,3237,2277,295,8300,7847,3753,7114,8873,2254,9692,3300,8270,4957,5809,4160,4555,5288
"ENST00000541405.1 gene=CKAP2L",3689,4764,5540,4720,4879,3032,4015,2848,1825,2494,4334,3867,1886,2991,3253,1562,4382,1658,5001,2584,2668,1881,1924,3052
"ENST00000283309.6 gene=FRMD1",8708,12728,16774,14515,17599,7234,7782,9120,8379,9110,14989,8669,5180,2446,13041,7062,10971,3318,10059,1310,4551,3591,1719,2702
"ENST00000576586.1 gene=PAFAH1B1",1236,1625,1160,973,1624,969,856,469,792,954,1429,1169,664,870,337,192,1632,586,1997,1206,715,446,842,1107
"ENST00000437326.2 gene=SPDYE3",1958,42443,58454,6095,54956,32098,62276,40535,13632,42974,68578,55212,19033,17796,63234,28732,31038,18798,15628,41726,20668,7051,20626,25648
"ENST00000261247.9 gene=JKAMP",4013,5392,6010,4687,5195,3915,2236,3065,1421,855,5122,3956,1882,2364,8151,2478,6447,3168,6088,1928,4531,3302,3350,3469
"ENST00000262999.3 gene=UCP1",1007,1219,1646,1220,1261,810,1364,1156,630,875,1277,1274,446,689,1254,616,1244,467,1592,762,856,631,658,1251
"ENST00000560841.1 gene=TMCO5A",1219,2165,970,608,1830,1378,746,769,528,375,821,929,382,579,587,462,764,401,1706,878,335,155,661,1102
"ENST00000593908.1 gene=NFKB2",2406,2789,5943,3275,2457,335,2648,3447,1942,4674,4079,1696,1408,3519,2266,406,5849,2733,5967,3985,2676,890,1078,4701
"ENST00000471008.1 gene=ZNRD1",11056,10766,21224,17906,18914,11722,21628,15639,8283,8801,20734,19108,2698,5743,13796,7112,9109,2685,20188,9504,3054,1106,6943,11461
"ENST00000491331.1 gene=NABP1",1040,4633,716,2386,4998,3344,1749,1257,2090,2528,5043,3156,910,2577,1425,1170,3113,1777,4793,2162,870,1069,903,1227
"ENST00000435296.2 gene=HILPDA",580,659,771,817,748,478,793,447,362,411,712,607,307,416,570,249,728,277,692,432,436,312,271,415
"ENST00000392825.3 gene=GALNT13",33334,69586,42397,28362,28047,10717,28953,18772,2526,8436,25422,7866,1775,10963,39117,11379,6923,9969,52956,14732,9027,14935,13637,21945
"ENST00000274629.4 gene=KCNMB1",16920,16068,32020,28638,10676,12256,20777,13237,17819,18336,18430,28415,12683,9833,24880,11845,28484,4219,4321,14805,20266,10719,17055,26389
"ENST00000571570.1 gene=ANAPC11",335,541,586,575,608,530,697,627,221,296,933,510,270,282,720,395,736,301,1142,542,467,280,195,543
"ENST00000599939.1 gene=TIMM44",5674,6985,10500,8764,5912,1080,3858,3488,4346,3330,12292,13219,3165,3974,5711,3378,6057,2692,3100,4656,3007,2685,2904,5800
"ENST00000317861.1 gene=OR14C36",691,3116,12413,8695,4526,4499,7449,4681,2546,2487,6072,6457,724,685,5788,3211,4886,2098,7989,3351,4571,2845,4447,5345
"ENST00000525047.1 gene=CNTN5",4099,8942,7828,9159,13372,4692,11215,6417,2584,224,15738,9990,2534,5957,10194,2860,10873,5275,12404,1712,3372,1945,2905,5772
"ENST00000267406.6 gene=CBLN3",20531,17959,16955,5084,14676,13760,15559,17222,5720,12898,16685,12719,3852,9634,7743,7668,18519,7518,11332,6417,1055,7559,3839,6212
"ENST00000372727.1 gene=SYS1",421,3834,4681,5878,9565,5649,4722,6133,3156,2043,6381,6449,2091,5531,5323,1790,4699,1716,3207,3478,3216,1301,2906,8640
"ENST00000264382.3 gene=SI",4164,5721,5296,4559,5300,3344,6320,4041,2635,3084,6338,5780,2086,3305,4196,1861,4659,1903,5343,2851,2965,2008,2512,4156
"ENST00000478491.1 gene=EHMT2",12173,6305,21010,14721,12509,16501,12043,7445,10904,13073,22565,7689,430,11912,11062,7336,22094,10188,8084,11170,3424,3294,8694,20815
"ENST00000589328.1 gene=PSTPIP2",13053,20273,25798,27171,21084,13077,20150,19061,1110,5426,32988,29091,8983,7789,15514,7502,25567,8535,23895,11748,11859,7474,11260,12506
"ENST00000504618.1 gene=SAP30",1379,1920,1581,1535,2456,1499,983,624,617,746,441,324,319,459,1278,615,1361,516,1234,623,533,377,492,847
"ENST00000439476.2 gene=BDNF",6385,4193,12266,8616,11294,7859,7709,5971,2509,3564,9252,3936,6124,9361,4286,1984,3659,1928,9269,3992,3497,2431,4344,8242
"ENST00000266087.7 gene=FBXO7",1511,2673,2920,2242,2961,1395,3221,2285,1281,1120,2656,1492,994,1585,2094,755,3200,1119,2360,1408,1694,1123,1396,1849
"ENST00000586717.1 gene=FBF1",16771,4004,69246,64868,37984,22339,68468,37041,2910,10764,61513,55985,26104,26900,48334,22986,54134,11991,19765,4871,27092,17949,10065,19631
"ENST00000243924.3 gene=PI3",1329,513,2717,3030,3580,2719,4469,1813,1703,2708,1199,1783,1611,1689,2645,1341,702,883,4598,2281,1292,875,1658,569
"ENST00000342947.3 gene=DFNA5",1937,2717,2611,2638,2264,1671,2498,2194,1236,1362,2957,2604,890,1919,1794,974,2228,973,2683,1534,1447,938,1361,2047
"ENST00000553432.1 gene=GNG2",4217,7122,8847,7153,5193,2617,5270,4637,1826,2021,6124,6228,2284,2211,1831,897,3654,210,9350,4731,4935,2960,3904,3467
"ENST00000361524.3 gene=ZNF521",12223,12733,18602,15977,42993,27605,38245,25833,12676,15846,4251,3421,14103,22052,11914,5644,20857,8649,33592,17253,18834,12823,9093,15859
"ENST00000455432.1 gene=TSN",16333,15460,14848,7114,11760,9138,5749,332,6799,7246,15670,10208,4414,7389,4931,2938,13727,5077,11414,8120,7481,4555,6581,7781
"ENST00000504104.1 gene=USP17L30",20849,31190,34603,9102,19359,16581,38139,14431,6761,10943,28567,22962,6256,737,7142,8094,25329,8617,15597,23759,1975,4856,10570,14100
"ENST00000447555.1 gene=PIP5K1A",1268,2044,1238,999,836,477,1208,778,218,203,1707,876,211,297,992,304,278,185,948,706,305,338,598,780
"ENST00000304858.2 gene=HSPA4",9784,17992,25479,25075,13493,6531,24946,22473,2930,2978,16964,3943,2485,5993,5690,1399,13813,3637,33142,17448,13097,7056,3401,5636
"ENST00000318967.2 gene=INTS3",59830,97287,64711,68226,92646,31027,25774,34067,18395,9863,104826,49509,29260,28264,53361,9906,66710,26518,56302,47532,30466,14299,33805,2815
"ENST00000370931.3 gene=PTGER3",2259,7625,1475,2969,3822,2783,4073,5511,2847,2981,3461,3028,3714,3859,4570,1939,4035,2475,7626,4458,3067,1975,3210,4371
"ENST00000588873.1 gene=CTC-454I21.3",2190,3108,2687,2988,2758,1987,3809,2151,276,817,298,2357,825,859,1778,552,1260,801,3611,1194,555,661,2036,3343
"ENST00000331204.4 gene=ALYREF",3274,2213,9437,4940,8129,6473,2041,1593,4924,4589,8356,7534,965,475,1259,811,5103,1212,5113,1944,3068,2043,5104,6997
"ENST00000543498.1 gene=RP11-125O5.2",377,548,808,541,589,538,892,510,347,360,667,344,313,380,431,270,617,262,489,321,334,317,319,388
"ENST00000301019.4 gene=CDT1",2640,4325,3743,2945,3364,2508,4142,2907,1585,2219,3491,2178,1279,2254,3116,1327,3342,1376,4292,2002,2030,1338,1491,2788
"ENST00000563588.1 gene=PHKG2",15918,13309,15174,8357,7742,5128,16453,5873,3551,3789,4667,8125,4646,5447,11729,6729,7677,2340,20588,7489,12025,6085,9005,13200
"ENST00000326877.4 gene=LCORL",157869,415282,292482,253005,449738,205359,255414,286492,129582,185286,273726,191270,125666,111784,87391,87285,319859,170009,162044,2342,264997,119440,167697,258268
"ENST00000309971.4 gene=GLE1",12289,16569,7748,3370,21826,13431,15100,7013,3102,1500,19492,18629,5906,10430,9794,5636,19120,5384,15127,9521,8967,5250,6475,12906
"ENST00000542466.2 gene=AGAP2-AS1",5098,3985,15766,14883,3631,669,4151,7632,1465,4615,11029,6924,2008,5949,12979,5131,2232,4153,7470,2849,7701,2319,2146,10281
"ENST00000369489.5 gene=CD58",1120,1572,1150,980,826,515,1184,775,538,695,1019,1089,570,684,815,359,805,532,1153,657,682,379,702,965
"ENST00000370346.2 gene=BHLHE23",5776,5994,7414,6781,9706,5761,9138,6743,2206,2631,11385,9645,2785,5439,9541,4319,10342,3698,968,1709,4255,3421,3036,5274
"ENST00000481145.1 gene=GBP5",25370,37679,9641,3279,30917,22355,26477,17214,6671,5137,22002,23387,13216,22137,13783,8042,33748,11723,38365,18466,12503,8069,6476,15995
"ENST00000416526.1 gene=HMG20B",570,731,753,508,647,380,867,647,293,475,572,538,276,522,620,258,796,278,780,475,402,309,260,506
"ENST00000301141.5 gene=CYP2A6",3765,4013,5839,3863,5466,2684,6181,3007,2368,2782,5743,4250,1540,1791,1101,615,6125,2321,4836,3210,1755,1281,789,2077
"ENST00000374160.3 gene=LRRC18",1061,6542,16464,14992,21971,12255,15711,6871,3390,7201,2003,18980,2589,7232,5894,3937,15442,2947,3486,5391,6606,6609,7952,6775
"ENST00000005257.2 gene=RALA",40161,64939,43664,38542,31098,31632,50735,47077,20938,38123,2612,56909,23678,19456,39916,14710,32490,3462,39306,7947,21465,10018,4550,55235
"ENST00000310597.4 gene=ZNHIT2",10707,23034,20422,18003,16770,12184,17336,11459,8985,7279,13868,13421,8564,15204,8708,2026,29952,7417,1094,5969,11463,2574,7799,12496
"ENST00000370272.4 gene=DR1",39669,104540,105589,92883,27625,94305,143761,35299,50803,45353,106340,78349,31168,48372,6589,17955,8119,13868,158072,74963,22302,27177,50768,73408
"ENST00000307624.3 gene=ACOT12",1548,1961,1972,1850,2017,1570,1821,1485,1136,1282,2028,1739,706,991,1744,868,2115,854,2120,1327,1121,736,844,1142
"ENST00000370018.3 gene=RTEL1",3392,5473,5260,4677,4211,2868,5211,3968,2511,2656,5114,4197,1726,3079,4546,2040,5727,1998,4895,2877,2753,1581,2229,4091
"ENST00000335426.4 gene=SELV",11929,18801,23136,13948,1293,6351,11847,6649,12029,13933,2930,4945,8217,13521,10796,4264,18595,6573,10668,13056,12929,7114,13262,19586
"ENST00000484873.2 gene=CAPN8",1173,1068,1589,1010,1070,670,1221,868,510,692,1052,751,673,1076,258,395,1175,459,1507,713,622,372,891,1218
"ENST00000512828.1 gene=GSTCD",8555,10901,12196,11383,9641,3854,7647,4025,4908,5202,8258,4874,3504,4638,9729,2562,4775,2873,6053,2519,3069,3078,192,4047
"ENST00000595994.1 gene=MUC8",10938,781,15925,14005,8220,8788,11962,7397,8338,8804,9001,13707,8128,10215,18135,10057,13832,6552,22450,7611,9236,4974,7071,11609
"ENST00000518563.1 gene=VDAC3",701,873,933,651,728,400,1008,728,452,522,883,1068,290,785,822,574,946,300,857,378,542,378,311,847
"ENST00000294543.6 gene=TMCO4",2926,2908,4057,2698,3331,2525,5679,3293,1679,1570,4571,3235,1757,2401,3322,1492,2938,867,2973,1337,1972,1130,1188,2995
"ENST00000394702.3 gene=DMTF1",1080,1351,1512,1266,1205,741,1528,1191,696,783,1576,1305,433,578,1065,504,1261,616,1322,672,732,447,605,912
"ENST00000367601.4 gene=AIG1",12528,3330,570,14470,20520,10831,5826,10853,8497,6269,13260,19062,2775,7614,1760,8824,15737,2845,1315,11840,15308,2732,747,8079
"ENST00000408960.3 gene=TMEM14E",927,1212,1469,1040,1505,741,1259,954,544,765,1309,963,590,751,1141,522,1350,553,1376,701,734,547,648,1160
"ENST00000487959.1 gene=ACVR2A",2019,2804,2801,2819,1523,1382,2353,1594,920,856,1014,985,931,1506,2052,911,1689,513,2335,1667,82,337,1036,1680
"ENST00000425467.1 gene=HEATR5B",326,379,1418,1440,1176,771,990,1053,573,633,1307,1431,283,493,729,229,1325,364,1910,1102,750,708,501,620
"ENST00000263846.4 gene=SYT7",4411,5739,5749,4928,4578,2463,4707,3130,1897,2539,4640,3731,1790,2963,3471,1718,3856,1719,5801,3030,2542,1896,2056,3467
"ENST00000318438.6 gene=SYCN",863,1925,1218,2070,1065,854,2748,1140,886,1300,1752,1938,1160,1300,470,494,3430,1108,2386,258,721,1393,477,1747
"ENST00000368358.3 gene=HCN3",34094,50454,39625,24988,34308,22005,49625,44790,13992,13315,18388,2646,15607,16381,40412,24779,21497,14937,61936,26626,33550,21686,7039,14387
"ENST00000420664.1 gene=AC106873.4",1174,2699,3516,3186,2970,645,4299,220,2109,2085,3304,1319,1078,2073,4411,2258,3771,2100,1552,921,1439,1153,2186,1787
"ENST00000489271.1 gene=NGLY1",1899,2105,2280,2019,2407,1616,2445,1794,975,1393,2201,2037,882,1324,1788,696,2051,900,2065,1188,1551,944,980,1633
"ENST00000395144.2 gene=HYAL1",27149,34849,5900,6235,17655,10825,18535,10675,3079,2405,15224,15468,4578,7266,17695,8354,28903,11964,4709,981,12737,8420,13474,21816
"ENST00000484063.2 gene=PRDM2",4939,6197,2383,2214,1678,1836,3481,1962,2183,2363,1239,1081,3596,3538,476,2077,6183,2141,4464,2976,1111,1460,451,2918
"ENST00000390673.2 gene=TAS2R19",2724,4548,4688,4678,2399,1591,4436,2673,3752,4472,784,1369,381,992,4118,1897,2799,928,1851,1432,1206,1189,589,802
"ENST00000377647.3 gene=SPATA31A1",31371,57753,35456,35201,51802,30407,46031,41553,18814,21587,35526,42280,14435,28072,38033,8818,26292,11381,3514,1794,19900,13637,17767,15649
"ENST00000600800.1 gene=CARD8",16212,26342,40527,41077,46437,15185,2345,18450,21107,23607,26361,28304,14638,25452,36447,10080,35639,16834,37373,17433,21562,11914,13352,34137
"ENST00000589680.1 gene=ZNF224",1798,512,6565,4775,2606,2966,4955,2866,3997,4246,9187,5968,2426,3989,4643,1504,5164,1584,4296,2705,4945,1920,3272,2627
"ENST00000370649.3 gene=PI4K2A",8610,11208,22381,15188,18333,10186,34559,21272,6195,5979,18911,14309,3944,4512,1138,3645,16659,6942,13004,2486,8888,6611,8383,11297
"ENST00000229135.3 gene=IFNG",2025,4583,6307,8574,3461,2737,4308,3009,3438,1061,4876,1562,1155,1954,2673,3092,6530,2674,11268,4165,565,732,2757,3424
"ENST00000355481.4 gene=RYR1",37936,98363,130189,50925,61490,53449,110216,60031,48335,53126,87523,52047,43285,48729,51301,4700,84654,31384,80935,54557,47251,31628,26825,91310
"ENST00000421177.2 gene=NSG1",46524,41167,18384,6243,31970,22685,25730,2413,22983,24820,45692,25266,4042,8841,34265,18216,36429,9048,11988,10863,15397,8694,16200,13731
"ENST00000457317.1 gene=MRC1L1",15860,7668,29707,23479,23598,13635,31880,18579,3104,755,14967,19276,8061,11846,7056,2410,21449,9310,18729,10659,9774,8302,8612,13795
"ENST00000334046.5 gene=KRTAP19-6",562,2639,661,973,1718,867,739,523,516,1711,2588,1508,304,208,1414,1017,673,565,1479,857,1066,772,228,198
"ENST00000392185.3 gene=SNX9",11298,14634,18644,25334,34495,22459,16743,18113,11558,16699,22644,22778,6558,14678,22724,6496,27949,8183,17847,13262,16847,11872,4846,2548
"ENST00000422330.1 gene=CNTN4",9944,9619,23431,4158,30194,908,3413,449,5059,13183,923,493,5055,2348,9051,4345,4557,2234,8724,2270,5003,1488,4264,9358
"ENST00000399974.3 gene=MTRNR2L4",9636,17765,19734,20991,13898,6490,29357,16589,7929,11142,18996,17478,431,2800,5755,2477,18424,7811,21352,12556,7459,4807,8215,12412
"ENST00000480181.1 gene=CLIC3",811,839,801,846,619,387,995,811,405,435,804,760,398,502,491,256,1013,333,775,510,536,353,396,470
"ENST00000394008.1 gene=KRTAP9-9",9133,17770,15676,14397,20204,7564,23170,15264,6998,8055,16603,11269,280,3264,18479,9161,17222,4946,9734,7100,10691,7678,4279,10650
"ENST00000377603.4 gene=POLR3F",4068,5960,3723,2922,2018,1483,3901,2337,1314,1725,2196,1650,705,1174,1816,863,4723,1759,2963,1547,2569,1848,1297,1838
"ENST00000252485.4 gene=PVRL2",6231,6498,12170,8400,7023,4990,6261,2219,4752,7733,12055,10136,3373,3484,1459,1268,8687,3318,5517,3481,5914,4753,5244,6175
"ENST00000445861.2 gene=PAPPA-AS1",8894,12852,2720,2576,13464,8331,15989,10036,6405,8229,7410,6644,3702,1199,14327,6205,13288,4674,11537,6084,5100,4160,4625,8396
"ENST00000296318.7 gene=IL17RD",26477,31698,21488,18969,30485,17718,48063,33627,10713,16629,30161,22467,10002,17504,26800,12677,32279,10311,7364,9739,11521,8280,12294,13348
"ENST00000545128.1 gene=PCSK5",46911,45644,51351,51575,30584,29561,73350,47266,10721,42371,62478,72324,24924,16926,59724,19856,73106,34596,48151,28699,4093,6200,28301,58629
"ENST00000491716.1 gene=FAM194A",1497,1870,3716,3005,2889,1558,1821,1404,507,874,1935,1400,1266,1495,1220,350,1716,823,3321,1879,1227,959,441,754
"ENST00000533064.1 gene=TRIM3",2861,5578,3782,4832,4783,2637,4487,2914,2728,4342,5231,3073,1810,671,4187,1842,4870,1269,5351,3236,1882,607,1951,2659
"ENST00000273183.3 gene=STAC",15795,14076,22452,23355,2706,3181,23357,13635,9460,12256,17646,19019,7045,6292,20537,10320,19184,10986,15793,3837,8146,7938,6601,21275
"ENST00000262426.4 gene=FOXF1",5116,10639,7534,5744,6221,4070,1989,2119,6485,9424,11871,6077,5538,11360,12028,3386,12996,5936,8950,3515,7174,2976,3033,6155
"ENST00000200676.3 gene=CETP",6902,9726,5038,3242,3523,1769,4253,5808,2640,4707,4024,5450,1121,1824,1201,2034,4431,713,10232,3984,7148,4213,2449,3743
"ENST00000401867.1 gene=P4HA2",2436,3987,3202,3358,2998,1888,3495,2386,1717,1801,3918,3238,1369,1713,2843,1206,3183,1305,3905,1815,1365,1219,1572,2563
"ENST00000441339.2 gene=MYEOV",1774,2064,2329,2564,2772,1986,2774,1881,1118,1331,2366,2217,928,1445,2380,666,2605,701,1769,1472,932,1001,1157,1783
"ENST00000176183.5 gene=DRD4",21924,19277,16864,21028,31809,14330,27945,13960,4557,12168,12713,15972,5265,14334,8681,6020,20164,8135,15648,14959,564,6724,8381,8390
"ENST00000321691.3 gene=C17orf47",7546,8251,14678,12892,4595,2450,10933,7254,3059,3450,3810,2604,2414,3704,1238,1275,8296,3466,11864,5742,2854,2242,6000,10135
"ENST00000367854.3 gene=RCSD1",23747,35984,50790,27984,22376,13958,42296,21992,6261,9220,2614,6260,10796,21736,6576,4524,30805,12485,15189,1494,11572,4160,17063,22374
"ENST00000479810.2 gene=FAM3B",15989,17174,26690,13793,24309,20247,36012,19811,8648,15847,24193,16936,10287,11346,16688,9421,3332,6563,27450,16288,1170,1959,10652,10196
"ENST00000415654.1 gene=NPIPB5",8791,5765,8810,7550,7840,4606,8436,5807,3701,4335,8776,6019,2346,3334,5759,3320,6710,2464,8219,3404,3361,1763,3549,5713
"ENST00000267512.5 gene=RAB15",4187,10683,3874,7567,7621,6015,9338,4846,2908,4376,9014,6131,2644,4220,5623,2829,7768,2635,9392,1592,5654,2448,4681,4136
"ENST00000359315.5 gene=TPGS1",7099,10233,5993,6070,1059,2637,9593,6296,1204,3357,5450,4497,2344,4130,4564,3038,4823,2068,5526,3011,3268,1316,3577,6536
"ENST00000375592.3 gene=FBXO42",62221,45111,59952,46211,100875,38974,69337,46447,2274,8627,83447,74137,3974,3319,86619,29509,71930,13930,55348,41384,46133,37712,11859,44509
"ENST00000532219.1 gene=ANKHD1-EIF4EBP3",25070,54459,75996,24402,30849,8632,15299,4782,16190,25279,31460,48749,39629,65471,45761,34320,9132,5670,51498,26311,36991,30119,8377,14237
"ENST00000540224.1 gene=CREBL2",551,689,539,662,734,454,625,520,302,339,689,687,222,388,589,304,636,196,764,387,337,270,362,592
"ENST00000451531.2 gene=POTEI",5731,7612,6451,5710,7139,4664,8282,5292,3502,4455,6375,5761,2771,3589,4673,2147,6160,2353,6118,3475,3131,2234,2990,4459
"ENST00000601108.1 gene=AL109659.1",1875,2259,2760,2579,3612,2294,2744,2189,250,532,2901,2156,924,2152,1137,903,4165,1547,4310,2032,1900,1172,679,1408
"ENST00000367739.4 gene=IFNGR1",69138,69630,68620,73770,59328,53529,32841,1134,35331,52941,129675,50602,26373,17030,56056,32604,86228,47458,73194,27539,6921,29309,23400,62607
"ENST00000367350.4 gene=KIF14",19633,17814,23056,5169,17696,15101,48763,43897,10826,15899,38950,38317,12329,11406,21101,8522,14261,14033,42856,19241,27980,23116,12060,22539
"ENST00000440781.2 gene=IRAK4",3711,4737,3429,2509,2743,1703,3615,2740,1015,1720,5166,4446,1233,1995,1232,415,4088,1663,2542,1265,653,465,1626,2575
"ENST00000391859.2 gene=CD37",1667,3077,2613,2171,2237,2424,3393,1550,1279,1404,3841,1548,771,1499,2155,1099,1970,638,1166,2921,1758,599,722,1138
"ENST00000405093.3 gene=MYH6",163831,5051,223642,473956,227973,107199,249697,145443,81648,229168,401723,361263,106375,26527,412782,95512,469194,21506,620629,92282,301374,161334,22954,190641
"ENST00000300853.3 gene=ERCC1",13089,18668,13909,2738,32283,22578,50020,43568,18621,25016,34001,32790,12427,15593,32823,8327,56994,17434,47806,18214,15816,12077,20909,28144
"ENST00000338961.6 gene=PTGES2",3205,5722,7389,6815,5989,3503,7886,2413,1178,5127,4455,4556,833,3289,5947,2656,4086,2147,6221,4169,5258,721,3063,6237
"ENST00000297436.2 gene=DEFA6",242,512,520,376,476,254,457,324,219,206,403,440,170,253,378,175,370,166,532,276,232,136,193,348
"ENST00000321287.8 gene=ZNF610",2965,1876,5619,5598,18810,13476,9926,7342,7090,9468,11935,11577,5915,7101,31287,14129,11957,2963,22789,13570,10551,6554,6114,12160
"ENST00000295452.4 gene=GABRG1",126261,5676,227674,119529,149828,26253,47088,109045,75631,53540,37697,149328,82962,91331,184474,39282,128839,45873,188139,74930,63880,67028,30193,66683
"ENST00000355312.3 gene=GIT2",204271,349220,173098,127942,4236,215792,411444,87438,73584,266915,546529,306392,129294,370932,94604,78129,352073,108804,505913,214061,69950,166464,75237,336300
"ENST00000377136.1 gene=OR2H1",15048,13175,40747,22424,20842,12700,4754,7285,4309,5567,3373,14624,7541,7898,15723,10854,15656,1453,8217,1321,4669,2235,13974,14864
"ENST00000261783.3 gene=ARG2",11632,12272,15626,19180,13177,8899,26098,4664,1731,1983,2761,6389,4705,7710,1468,2545,6868,5215,9437,2061,14768,7972,5880,4168
"ENST00000525036.1 gene=RB1",1019,10217,16607,11511,15034,6936,6900,8370,4242,1797,11059,8269,3414,2374,6697,6026,4051,2553,3278,7533,1661,1656,3719,13014
"ENST00000535844.1 gene=RP11-512M8.5",8683,9383,26560,2063,49508,24691,43167,31489,7314,11829,24302,20261,14513,8871,33684,23250,33412,19371,26089,10655,20641,17167,27553,35642
"ENST00000366654.4 gene=FAM89A",49639,64543,105906,84327,55604,10728,49689,52152,62252,61064,34516,85092,467,24794,66149,54629,64813,24706,60959,34467,54885,31424,34482,55079
"ENST00000423994.2 gene=CACNA2D2",4392,5843,5918,4972,5093,2943,5168,3278,2184,3669,5305,3561,1994,2843,4468,1907,4988,2032,6084,2979,3260,2115,2385,3939
"ENST00000374316.5 gene=ITPR3",115993,148928,113939,86666,122152,63968,33110,81185,37737,4491,122894,152395,40737,92809,61122,60695,53678,12101,90568,31490,56405,68625,29575,49754
"ENST00000446632.2 gene=IL5RA",6879,9812,14623,13878,13373,10452,16095,9013,2378,1245,7658,12310,5225,13316,13866,5706,22600,7354,13313,8142,8952,7665,6693,11193
"ENST00000356634.3 gene=KDM1A",4382,2586,4524,2666,4786,3568,4777,2126,1984,2229,6168,5013,1951,2625,3299,1447,4554,2056,5657,2959,2100,2004,2797,1827
"ENST00000261413.5 gene=MRPS27",2405,4703,8488,3962,6605,5872,8218,6069,2284,2004,12721,11794,4796,6668,1778,894,8423,2929,7852,3619,5572,4977,3067,6124
"ENST00000373248.1 gene=AIFM2",23845,31767,39683,30674,20443,13777,1956,3792,5923,8005,22864,19283,9642,12854,16170,8621,24526,10261,20072,12326,10385,8126,5422,10761
"ENST00000316052.5 gene=EXOSC4",961,1804,1458,678,1740,1048,2006,1188,750,996,1588,1021,658,1347,1495,722,2266,966,1885,1030,1006,616,637,1447
"ENST00000361740.4 gene=CYB5R3",130613,58745,2403,58423,41504,36756,105436,53955,32749,73060,137718,13744,43610,125379,114713,70180,103576,27689,96136,76542,48605,18709,43324,84149
"ENST00000301178.4 gene=AXL",88801,106800,27848,26772,115722,2418,92218,97628,4377,31677,122765,78055,53160,38601,38745,15793,60500,43833,141603,103534,39377,48729,33903,100728
"ENST00000370508.5 gene=GOT1",1551,2152,1742,1563,1579,1058,1625,1178,952,1020,1901,1584,718,1163,1593,715,2163,923,1826,1033,1183,781,838,1383
"ENST00000309180.5 gene=GPR171",24008,45057,9717,36697,22035,13273,36192,22302,14319,13852,26223,1324,14881,15644,23371,5842,34310,15230,32174,19375,14555,6654,15857,22467
"ENST00000326303.4 gene=ACOT4",3658,4154,9289,9511,11373,6803,14977,9278,5236,7630,10265,8464,3687,4955,6116,3261,6163,2910,7946,4370,1031,711,3269,5384
"ENST00000382004.3 gene=RFX3",233975,477483,529626,45019,235291,310210,181558,167478,3423,177501,442180,341944,102581,91142,31948,136506,280416,166467,442505,19950,232091,200205,105309,178088
"ENST00000367294.3 gene=C6orf211",1488,13783,15526,15073,40038,23195,39958,21963,12383,6852,26384,19959,13632,11608,31740,15314,10332,5713,27977,13591,29804,17540,14930,24228
"ENST00000433119.1 gene=HDAC11",2149,2459,2324,1496,2236,1331,1858,1680,1039,981,2774,2075,694,986,1794,1059,2415,848,1809,1203,1171,806,1130,1700
"ENST00000296292.3 gene=RFT1",3366,4959,5193,5049,4978,2748,4268,3071,2451,3000,5189,4191,1906,3263,4288,2210,5257,1931,5348,3089,2526,1550,1954,3322
"ENST00000375838.1 gene=DNAJC16",8888,3766,15800,14373,2556,1150,4555,6828,2098,5711,9360,10683,4036,1819,8048,1649,11149,4732,9552,5159,7580,5394,5219,6251
"ENST00000360488.3 gene=SLC17A2",23712,28220,42592,13761,26197,4873,27303,20666,8284,1023,15093,2831,6394,10556,18086,7312,22197,14660,10734,6787,6112,4757,9207,24186
"ENST00000328880.5 gene=HCAR2",5893,9439,1768,5168,5136,3168,5963,3479,4349,5438,6094,8262,4143,6036,8593,3489,9624,3945,9748,6304,6247,5280,2974,6555
"ENST00000406426.1 gene=ZNF280B",17999,14956,14130,10922,21967,11349,13652,8575,2138,4984,21133,12201,7110,8238,6480,4278,16549,4185,15413,6333,6766,1960,1717,6082
"ENST00000565116.1 gene=RP11-529K1.3",2718,4062,1678,1679,942,1095,3431,2518,1307,1745,1178,1758,829,1467,1980,1071,3399,1418,3235,1471,285,314,1026,1961
"ENST00000587467.1 gene=ZNF444",10533,16808,11595,15877,14185,7527,19666,15538,4341,17076,611,11264,7035,1120,25168,5339,15053,942,21156,3781,9737,3593,3595,4928
"ENST00000380725.1 gene=CDKN1C",7570,9007,15739,14992,6249,4985,10757,7909,491,1610,5115,4714,2659,3815,11689,5089,13899,5200,6221,4411,6242,4058,2513,4147
"ENST00000398576.2 gene=LCP1",7037,10220,6419,5334,8103,1965,8638,5963,5103,4982,8278,8477,3726,4587,8889,2434,8475,3887,7960,3103,7293,4338,3761,9455
"ENST00000341959.2 gene=OR2S2",677,970,1158,1054,876,607,977,762,483,715,980,861,346,621,897,441,943,342,973,527,455,388,611,904
"ENST00000257700.2 gene=RINT1",2198,3200,3492,2788,2760,1684,2737,2027,1300,1653,2933,2418,1058,1758,2156,871,2460,1050,2839,1605,1466,1025,1138,1991
"ENST00000225512.5 gene=WNT3",3857,37309,28558,52844,2559,47280,79931,29651,19809,5907,60442,50162,19781,6130,22999,14061,9688,23478,21028,9296,19687,24886,5350,31252
"ENST00000259407.2 gene=BAAT",50697,46971,33032,75841,54820,20541,29577,2548,27338,47466,14624,8323,17259,43683,41399,21705,2691,24607,49904,14898,28959,11747,22849,40031
"ENST00000336726.6 gene=HORMAD2",1326,2041,2743,2108,1851,1261,1931,1488,827,1090,1766,1471,776,1083,1503,718,1707,775,1915,1090,934,803,978,1539
"ENST00000396024.3 gene=ANXA2",1418,1873,1425,2013,1631,1005,2060,1444,711,1045,2248,1264,541,1385,1371,551,1615,787,1434,925,842,700,835,1196
"ENST00000369732.3 gene=OVGP1",28698,39845,61270,28535,1742,46123,46224,8297,1259,18826,39945,34797,14925,29543,43021,11614,22774,16852,47219,8907,1114,11068,19227,21164
"ENST00000508020.1 gene=RP11-701P16.2",27683,51245,45666,44973,46221,21201,22489,335,16168,11096,54216,48597,15661,23084,45476,28240,40311,18815,41620,29004,31017,19754,23009,29497
"ENST00000268896.5 gene=PCTP",1825,2249,2207,1677,1994,1313,2045,1499,959,1170,1822,1611,837,1306,1551,759,1826,637,2134,1175,1116,792,980,1469
"ENST00000458291.2 gene=CAGE1",3252,3827,3520,2949,3599,2454,3342,2046,1506,1773,3339,2491,1133,1686,2391,1228,4127,1542,2647,1618,1529,1118,1535,2542
"ENST00000451472.1 gene=AL162407.1",2262,2959,2767,1924,3718,1794,2682,1629,1332,1822,3087,3095,1040,1827,2773,973,2793,980,2187,1478,1487,710,1190,2661
"ENST00000522362.2 gene=PNMA2",15849,16849,11722,13597,9156,8121,20966,15863,4531,7551,9785,13623,2209,2191,6019,3838,17788,4949,14241,8486,7468,6800,7377,4787
"ENST00000448253.1 gene=KALRN",7857,2869,8962,8048,11302,6107,679,2771,3148,4725,7309,3405,5245,6997,6102,2061,5192,1388,6133,3183,3669,2135,2674,3453
"ENST00000315183.7 gene=TNRC6A",59968,79876,36822,31886,47649,28718,44441,23933,19155,16141,51033,54335,4003,4027,26136,20793,21815,12539,75267,33176,30988,23416,24336,42238
"ENST00000272645.4 gene=POLR2D",16292,21567,32177,36889,30362,5982,45320,22976,14219,13612,14250,16185,13404,16964,1376,7776,18096,8699,30550,20671,21882,15375,14452,25275
"ENST00000441889.1 gene=C17orf112",730,1096,1201,1208,655,639,907,851,657,508,759,610,432,661,986,398,855,351,1521,731,636,445,356,849
"ENST00000610164.1 gene=GPR85",38759,17832,50937,24882,18602,30662,25309,39369,20176,20328,38453,32982,18350,24911,46170,16770,2961,3402,36932,3180,30647,22440,18110,7732
"ENST00000361523.4 gene=BECN1",28189,40010,26179,46122,49479,31067,58869,21922,18251,33329,65490,48637,17949,14435,54038,8071,61493,18493,50921,17929,31839,18804,16487,1297
"ENST00000339834.5 gene=C10orf32",3983,4888,5159,4399,7949,5030,3322,2372,4022,5008,4776,3546,1241,1820,4534,2132,1920,779,8227,4512,2144,1487,2075,3501
"ENST00000603557.1 gene=MILR1",510,638,629,513,555,281,560,424,259,298,471,478,197,292,485,240,522,214,581,321,305,235,245,410
"ENST00000395264.3 gene=TMPRSS9",1260,1526,1753,1445,1591,1073,1742,1342,811,1145,1867,1471,645,951,1397,698,1653,702,1459,944,901,709,806,1236
"ENST00000392619.1 gene=CD300E",5441,3180,7493,7379,11948,5723,7800,5964,3484,4798,10537,8215,2321,5136,7575,2227,4098,1848,8044,3665,2700,3667,3519,4612
"ENST00000484928.1 gene=TMEM176A",3238,4531,2597,2785,3098,2718,5011,3463,2278,3055,3582,2591,1357,2367,1023,1252,3142,1576,2317,1330,1706,1208,1594,2774
"ENST00000434663.1 gene=GSN",1775,2197,1645,758,2253,1466,2682,1758,745,1049,1496,1644,555,1119,1251,555,1153,541,1573,688,1339,1300,171,837
"ENST00000037502.6 gene=MYOC",1458,2112,2192,1730,2156,1245,1846,1260,778,1124,2136,1623,675,1078,1371,704,2397,796,1816,961,999,677,956,1515
"ENST00000009041.7 gene=STARD3NL",11718,20388,8818,10394,23108,7041,25867,12035,4478,9865,18132,7630,5283,5169,9981,5750,1205,7228,15810,8430,8538,4164,7782,15878
"ENST00000461592.1 gene=CCZ1",551,999,991,874,495,274,704,585,386,564,824,706,326,600,459,218,927,345,655,378,479,323,583,777
"ENST00000341689.3 gene=TMEM202",9172,13137,9110,6590,11693,6439,1182,529,3259,3700,11016,9266,1803,2784,6831,3266,5597,2336,3282,1816,842,293,3444,5446
"ENST00000282538.5 gene=GADL1",8083,18613,50821,21065,26516,15821,41184,19177,20995,21006,74714,66563,18908,27387,44410,13888,31566,20288,22358,1566,26031,20188,19736,19498
"ENST00000316881.4 gene=TRIM25",4029,5624,5866,4990,5225,3363,6376,4355,2121,2674,6658,5129,2107,3430,5195,2140,6126,2237,5680,2941,3430,2202,2270,3521
"ENST00000361565.4 gene=IPO9",10083,10130,11952,9686,13313,8136,10750,7236,5143,7143,13781,9675,4447,7895,10434,4019,9105,3409,10813,5511,7874,4813,5430,9972
"ENST00000490594.1 gene=RP11-484M3.5",610,932,1783,1327,1313,836,1334,710,472,626,1382,505,92,258,1003,266,1064,713,959,677,362,301,458,743
"ENST00000508821.1 gene=ELOVL7",4509,7985,5944,4877,7133,3754,6142,4339,2336,3311,7896,5462,2024,3278,5331,2221,4656,2543,6020,1780,2746,2936,2504,3361
"ENST00000444197.2 gene=OR10C1",1948,2557,2160,1217,2144,1180,2370,1433,760,1040,1968,1834,821,1256,1626,629,2099,719,2022,1261,1017,719,767,1694
"ENST00000355624.3 gene=RAB11FIP2",18137,23604,13896,14868,15601,12282,19778,11963,10149,8601,22330,19209,5857,7728,15302,5728,16421,6967,8682,4102,2766,4133,4109,9115
"ENST00000361246.2 gene=CDC42BPB",20654,26561,5988,15170,14125,15271,10039,17498,5695,11500,22580,5778,5742,9880,9675,9450,11700,10229,15677,10055,15541,7466,11819,20891
"ENST00000571995.1 gene=RAB40B",6862,161225,71773,72124,58585,37974,199307,17220,67880,88593,205181,22911,61772,39525,147746,55205,224282,1199,292198,193774,88279,86729,85024,115420
"ENST00000046640.3 gene=CTNS",27485,22559,15605,3453,12420,6076,23987,18503,8374,14154,10978,14392,6561,7202,24669,11357,24110,12666,2381,8612,5827,6610,9423,15880
"ENST00000296452.4 gene=BSN",96187,115450,114834,144475,230146,100807,207049,113203,23772,66910,130117,147589,21108,100356,157123,72140,85835,4824,91565,87238,42728,44039,61488,52189
"ENST00000258411.3 gene=WNT10A",2180,2130,15728,9270,14839,8511,10915,9822,4248,4818,9535,5148,2839,7027,11489,5007,13107,5082,11102,7458,6527,4912,4898,7478
"ENST00000477822.1 gene=FBXO5",18663,27992,26500,18018,12967,13741,14719,5292,6373,8787,19777,18126,10994,14943,13710,6879,22821,12357,7859,1113,10530,8744,6706,7361
"ENST00000513661.1 gene=GRPEL2",367,476,690,418,528,286,444,340,245,401,536,390,195,340,512,211,587,248,476,351,357,270,230,325
"ENST00000381938.3 gene=TMEM156",25043,24729,32365,30286,34317,15189,12912,23942,11061,11573,46097,36841,17362,24918,24048,11391,31039,16209,1585,12115,7420,2758,11707,35192
"ENST00000558518.1 gene=LDLR",21919,25314,21790,22581,27206,16036,8818,2023,10551,15480,15173,9728,17571,21448,8332,4510,21863,7409,29547,15258,15844,13341,13883,16601
"ENST00000329276.5 gene=NOP56",2012,2640,2167,2034,2569,1734,2055,1530,988,1474,2639,2194,997,1560,2179,1166,2234,799,2514,1206,1462,1021,856,1403
"ENST00000536401.1 gene=WDR74",7115,3913,6181,7017,1548,147,2758,3272,4185,3004,5851,3167,331,3499,3967,2525,4924,2765,8496,4277,3178,2583,3488,3933
"ENST00000441888.3 gene=POU5F1",7255,5997,7647,9209,10023,8356,7482,3220,5410,3416,7581,7882,331,1968,3281,539,6920,2511,7617,2524,2731,3598,6362,11032
"ENST00000411939.1 gene=AAED1",4605,7311,5879,5375,8198,4509,6317,4280,1879,2631,3032,2172,1436,1859,1715,807,5136,2101,5943,3097,1865,1645,1685,3109
"ENST00000370994.4 gene=SERBP1",72991,106694,109208,139314,89404,41853,98718,99648,12475,38727,111840,93604,31110,22969,78370,27871,5411,9680,56110,34853,53576,28383,51434,68420
"ENST00000323037.4 gene=ZNRF2",2617,3346,2798,2537,3411,2313,3944,2591,1933,2622,3657,3255,1165,1956,2551,1305,4038,1632,3801,2010,2296,1428,1622,2386
"ENST00000371897.4 gene=SLC2A6",1867,2691,2634,2756,2045,1087,2745,1373,1057,1122,2712,1995,950,1404,2042,993,2183,955,2521,1322,1167,741,979,1748
"ENST00000443617.2 gene=HERC1",169643,318328,142369,153121,165961,88943,245520,120827,71512,7149,123876,19522,39689,107741,105987,57486,163652,48704,215086,115225,148512,68318,69972,90642
"ENST00000373178.4 gene=ADPRHL2",22529,13984,15976,9472,17014,858,30154,16754,5883,16479,25649,21140,9974,10849,24298,7275,24833,2363,23687,20153,11195,6196,6207,16688
"ENST00000381858.1 gene=CDC37L1",11236,1095,15608,12212,20335,1421,3886,14500,8083,6935,3657,11706,8982,2553,14753,4875,16744,1901,6544,7197,4077,783,8154,6233
"ENST00000330997.4 gene=ZNF285",70605,74467,68194,51130,109681,66556,100983,68186,44971,52283,53224,16645,50244,65712,59192,30367,4652,6036,96465,34595,48455,27042,26266,17083
"ENST00000398023.1 gene=NPS",711,1749,593,176,1031,356,618,440,560,479,514,639,80,740,759,350,1218,261,1287,358,349,234,87,391
"ENST00000234111.4 gene=ODC1",1722,10112,31496,15518,16200,15278,38182,25927,11154,21484,21236,11733,16485,24779,7882,3946,31116,20127,21878,13547,9006,6445,10653,15836
"ENST00000463438.1 gene=CCDC174",2144,4337,2300,1859,2058,2189,6185,4881,1222,2263,6874,5722,705,315,3640,1452,6913,3107,809,3309,4362,2553,1934,1510
"ENST00000591035.1 gene=RP11-178C3.1",691,974,647,530,324,258,818,503,220,237,793,568,206,348,353,148,603,253,871,453,297,255,211,391
"ENST00000481697.1 gene=FAM185A",32005,41946,40162,30206,60712,18111,26615,743,14682,12882,25481,32695,15808,34645,41030,13819,43832,12473,45432,24998,23713,14525,20053,3130
"ENST00000464546.1 gene=BOC",8891,11892,9410,15022,8760,8941,13997,6154,2581,3102,5890,6417,173,968,6219,2174,902,2026,5045,3557,3927,2068,2751,10276
"ENST00000334619.2 gene=CCKBR",5007,7725,3814,2832,5540,3193,4669,3427,2283,2679,5729,5258,1557,1772,5008,2376,1665,717,7077,4620,3936,2622,2551,4148
"ENST00000316963.3 gene=LYPLA1",6090,2286,22139,21954,28045,10631,18364,9760,16124,25190,5155,14821,6615,6287,12357,4723,25076,8758,14329,4726,16818,6852,902,4564
"ENST00000554012.1 gene=TCL1A",2149,3830,4511,3602,4507,2781,5315,3725,698,926,3132,3159,1790,2548,3225,1516,2227,947,3526,2030,1257,923,714,883
"ENST00000369144.3 gene=EIF3A",4213,4983,5557,5956,6133,3450,5562,4272,2362,2885,6406,4559,2437,3008,5089,2118,5855,1891,7389,2294,3152,2106,2647,4471
"ENST00000343262.4 gene=RPS2",5839,5335,3722,2123,5415,2598,10790,6502,8350,6928,4927,9664,2498,3657,616,1739,926,1192,7111,3939,5025,5423,7124,10277
"ENST00000451419.1 gene=ACAA1",6176,7551,3204,3209,3630,2097,7083,4216,2023,2192,4107,3501,1541,3041,6823,2840,2849,881,5329,3504,2463,1730,2055,562
"ENST00000220166.5 gene=CTSH",1964,2646,3663,2062,2416,1587,2972,1800,936,1260,3074,2181,1044,1572,2190,947,2181,1146,2033,921,1446,1040,1384,1854
"ENST00000560297.1 gene=USP8",2720,5375,7895,4626,3106,2589,4816,1493,2584,4468,6442,447,3582,5193,3855,932,4076,787,4636,3317,2856,1686,3643,3706
"ENST00000372292.3 gene=SFTPD",1428,2002,1661,1442,1006,630,1335,872,1081,1252,1538,1266,800,1203,1353,698,1542,626,2225,1232,733,710,989,1258
"ENST00000301744.4 gene=ZNF597",6264,8682,10677,6322,1232,3541,11511,5495,4051,2930,11633,9747,4821,6716,9603,4599,14516,4924,10781,6335,6080,4686,3845,9652
"ENST00000409843.1 gene=GULP1",5895,23023,18708,14442,36702,9965,33062,28025,913,7430,37210,26832,12811,16290,19969,14772,38539,4105,30120,15617,22045,4952,3734,24963
"ENST00000369287.3 gene=C10orf118",61454,202043,259869,141208,92422,156958,29308,112946,110828,82922,60354,222931,47530,118330,96030,2240,159249,133170,332453,158328,110022,58064,156107,229522
"ENST00000529052.1 gene=GYLTL1B",122459,196026,85957,79002,135121,87445,189206,81403,40511,49410,221810,221999,86189,70878,167122,50804,184893,72331,200776,46422,118337,80993,860,211871
"ENST00000595838.1 gene=ADAMTS10",11183,26966,10455,18450,31112,11825,14862,10870,1933,10141,8583,8156,9407,11761,13331,9226,4165,3447,8124,1059,16152,12860,10843,14640
"ENST00000325722.3 gene=KIAA0319L",3591,4871,5355,4989,5699,3382,5135,3725,2169,3011,5041,4382,2062,2882,4545,2262,5320,1723,5222,2663,2395,1600,2298,3329
"ENST00000405409.2 gene=RBFOX2",4528,39316,71721,59035,41751,43782,50446,30795,17985,31250,72505,48964,16023,26163,56783,27465,56509,24861,57438,26996,34262,19009,8457,43387
"ENST00000371649.1 gene=EDF1",11165,4661,22659,19061,18917,9676,11885,7696,290,7661,8692,6848,3540,4939,6526,4273,12216,3258,10013,8495,5468,2493,1011,8784
"ENST00000417740.1 gene=SLC22A24",4637,7354,4268,3550,4172,2564,3358,1172,3898,4170,5187,4219,2222,3549,4596,2095,6176,2811,5825,2791,2912,2194,3144,4392
"ENST00000222284.5 gene=TMEM147",10397,15512,13048,12241,8717,4332,5487,4660,5107,7006,3407,4617,5458,9007,8530,4248,677,944,9773,5604,9161,6960,1311,4350
"ENST00000595539.1 gene=AC051642.1",207,117,56,98,166,152,269,86,88,86,465,508,136,228,67,74,370,165,287,206,235,88,134,91
"ENST00000399810.2 gene=C5orf49",15788,65511,26698,16658,23698,1191,57550,31316,12134,18484,20554,35337,2785,2199,22599,16802,18700,7312,32407,21744,18873,3022,7185,28166
"ENST00000339078.4 gene=GOLGA8I",1166,15142,31463,16200,17206,7419,22203,7212,15157,24064,36803,31682,6899,9330,21593,12423,27123,12121,31683,16124,10280,5921,11134,17172
"ENST00000339480.1 gene=GJB4",5397,7882,8356,9048,3019,2749,6803,4357,4494,7394,14633,12319,2591,5789,4516,2388,3569,1331,2475,2137,7254,4299,3387,6569
"ENST00000395702.2 gene=ZNF488",10798,14328,10730,7592,7208,8500,8734,5940,2246,3762,3179,5347,2791,6358,4698,2890,12977,3714,9098,7016,3607,3279,3376,8640
"ENST00000543963.1 gene=MSLNL",9462,13002,45297,17359,20227,12448,13714,23374,20243,1043,28313,5796,2669,7606,10206,3702,35690,2951,29418,3883,22025,1183,8204,27730
"ENST00000412608.1 gene=LAIR2",490,736,800,669,627,365,672,416,341,402,859,628,256,382,464,223,423,230,692,368,373,314,240,352
"ENST00000326840.6 gene=DCBLD2",18725,20880,21596,18013,21240,13320,49765,33550,8806,11032,30606,29738,5743,8718,27887,11979,8300,3724,27836,16279,2748,2627,3800,5736
"ENST00000522171.1 gene=INTS8",497,2545,2083,3598,7260,3863,3817,5094,4117,7646,8856,2728,2949,2853,5883,3761,6869,4129,3309,2273,3022,1677,1635,4485
"ENST00000583610.1 gene=FBXL20",12700,17294,10665,8398,12898,7960,10099,7453,1918,6488,8009,6136,448,2255,10515,1715,11441,4314,10104,4298,3522,3322,2385,3463
"ENST00000436886.2 gene=GATS",28466,8206,28307,25488,2146,8290,19441,6038,7450,9122,21987,25479,9290,6387,3577,1568,13280,9679,25216,5042,7298,6332,8804,20915
"ENST00000482940.1 gene=TPK1",5067,10735,11851,6624,11498,7614,6336,5276,1981,4404,6867,5164,2057,1238,6220,2518,4102,1937,6048,3626,2598,2941,1358,3437
"ENST00000461673.1 gene=UFL1",4652,4402,4814,5633,9498,3848,2697,1988,3555,2579,6742,4501,1835,2844,2293,2372,1191,2652,883,200,5804,1879,2857,3113
"ENST00000483182.1 gene=UTP11L",1059,3522,4805,3066,7627,4518,4369,1148,1000,2150,4876,5945,272,908,4070,1039,3667,1545,6688,3078,235,1453,2448,3152
"ENST00000598320.1 gene=AC068620.1",761,795,656,588,561,274,677,401,401,352,720,600,220,390,740,126,726,265,595,366,403,385,254,536
"ENST00000262995.4 gene=GAB1",11301,8242,33283,25723,22040,13127,14622,9649,2982,4522,19823,18108,4590,10147,8902,4508,30343,12049,13754,3856,11963,9927,10711,20743
"ENST00000306507.5 gene=FOXD4L1",5757,6982,8989,3310,6311,2082,12946,8877,2200,1023,19403,18452,1536,4836,9228,4135,4289,3008,4663,6491,3737,1082,4843,6563
"ENST00000478194.1 gene=FERMT1",3016,4800,4184,3932,5109,2674,3558,3047,1386,1891,4669,4261,1149,1614,3086,1528,4609,1726,2896,2434,2067,1521,2289,3831
"ENST00000394395.2 gene=TADA2A",9572,7547,6118,6217,4256,4437,12993,4298,4288,7053,13851,3464,4199,4390,5123,4666,8260,3197,3450,4761,4316,3238,2721,6019
"ENST00000315238.1 gene=CALML3",3264,3785,2878,2056,4411,3731,4235,2197,2781,2743,2984,3539,2010,2295,3313,1717,5243,1235,2503,520,1611,1161,2256,3094
"ENST00000396757.1 gene=CD72",6823,10596,9229,7009,6773,4742,9155,8621,3134,4771,7122,5912,4067,3541,4021,582,10570,2846,5864,2949,2679,2966,3392,7458
"ENST00000322776.6 gene=NDUFV1",22683,27902,40760,22447,29543,25164,29935,18082,11452,15199,35490,37277,7892,11528,30257,9080,58060,26264,10135,13886,25029,479,15348,17909
"ENST00000395526.4 gene=ASAH2",21037,29585,24109,21763,26775,16246,18702,14640,7463,13112,33350,16701,3639,7935,18652,8736,26299,9104,12379,17210,13747,8722,2503,10944
"ENST00000333822.4 gene=KRTAP4-8",3186,18302,7205,13598,16990,12529,19560,12092,6299,9139,13082,18165,4840,514,10397,11847,29175,13095,22898,5226,8138,4852,4362,6800
"ENST00000261336.2 gene=PZP",56537,58186,109130,51416,31297,44644,3681,40904,11420,36281,58602,38559,15994,31963,19187,21781,56045,18141,51139,40111,59850,27690,47840,56076
"ENST00000373233.3 gene=CHD6",66084,22386,9664,38253,62411,47871,36375,63805,32713,38212,53152,22374,3385,42367,34752,11165,69063,27060,12467,29235,16443,22146,19521,39765
"ENST00000528446.1 gene=ARMS2",4104,4118,7005,6025,4208,2726,6660,5032,1887,1645,2347,611,1623,3253,3005,2237,3146,1515,2061,591,2323,1118,2042,3866
"ENST00000306006.6 gene=ZNF239",1835,2535,3293,2805,2160,1383,2172,1592,1271,1557,2537,2649,1206,1647,2093,1012,2315,1010,2177,1237,1421,1131,957,1330
"ENST00000306014.5 gene=DDX54",28382,38837,20023,20243,19552,11203,23484,11462,14241,19514,21887,15884,8203,12743,21037,10318,31621,13480,35371,20290,1998,2949,4658,9114
"ENST00000283109.3 gene=RIOK2",4921,7653,12169,9031,22258,9531,13637,12583,8059,9535,7823,4751,5285,6003,15006,6720,11883,5925,15058,1787,11233,7678,9215,17149
"ENST00000453386.2 gene=TRA2B",2151,3231,2998,2473,3181,1992,3044,1976,1337,1821,2652,2560,1204,1857,2171,827,2659,949,3156,1737,1484,992,1629,2213
"ENST00000573487.1 gene=TMEM159",2149,3271,1526,2470,3160,2536,2893,1415,1369,1641,1868,2599,1160,1556,2441,1115,2963,1129,2191,1783,824,1036,1068,1743
"ENST00000375353.3 gene=TMEM255B",1363,1720,2541,1872,1304,495,2860,1622,889,1149,2306,1619,1025,1410,2692,1132,2104,901,1811,860,1181,478,1184,1875
"ENST00000567449.1 gene=ARHGAP11B",731,971,927,875,1212,725,1440,1007,832,866,1523,1065,462,681,860,492,1042,431,1003,1019,744,412,604,831
"ENST00000532962.1 gene=ALKBH3",987,1448,1773,1228,1332,1156,1584,779,721,676,1888,1227,553,1062,1140,484,1477,508,1445,1074,645,573,718,856
"ENST00000335185.5 gene=CCDC73",3573,4772,4767,4153,3531,1976,4347,2586,2235,2530,4494,3681,1788,2394,4093,1307,4719,2000,4722,2801,2068,1674,1503,3203
"ENST00000538666.1 gene=IL22",1042,1072,1047,836,970,571,914,653,426,529,1297,1047,444,651,896,358,1000,444,1482,644,680,465,480,718
"ENST00000537065.1 gene=TMEM132A",486,505,818,768,827,623,1451,1114,395,741,915,1010,735,1252,821,475,1514,537,550,132,1069,776,424,513
"ENST00000525445.1 gene=IRF7",8422,30333,23885,19860,24661,19223,31629,20921,12212,2572,26626,30223,12313,22932,13077,6497,21626,15301,10132,9683,665,3787,9602,6944
"ENST00000369443.5 gene=GDAP2",34753,30141,40773,28888,27352,18910,34219,19128,19664,19938,7554,29710,7359,20820,17061,12981,28301,11635,38915,31928,21769,10032,14898,40774
"ENST00000509617.1 gene=DCK",3698,10371,7734,9446,12405,6941,12778,5844,5723,7208,16848,17333,3792,5847,10463,143,10767,5847,6211,8767,823,1833,4561,6004
"ENST00000415035.1 gene=STAT1",1806,4386,1760,1047,504,1097,1837,963,624,566,1425,1998,1338,1224,1580,1423,1423,1057,2379,551,1126,656,294,876
"ENST00000344514.1 gene=OR5W2",821,859,1118,692,915,689,1103,743,469,743,912,1072,297,692,895,379,1124,535,1196,517,568,421,478,851
"ENST00000394919.1 gene=ASCC1",1837,2103,2104,1609,1704,1314,1989,1447,827,991,2085,1569,731,1091,1522,749,1730,705,1906,1093,958,692,992,1523
"ENST00000335040.1 gene=OR13C8",743,870,1105,1040,888,624,958,543,367,434,827,720,404,604,733,352,986,379,865,417,573,392,441,697
"ENST00000228347.4 gene=POLR3B",4914,56589,91184,95652,84537,33883,53835,56550,14572,27509,23269,37938,13592,9959,22855,14949,6513,7923,72674,32304,1919,8478,18420,41709
"ENST00000321169.5 gene=HACL1",2413,4341,3005,2561,2308,1609,4154,1912,1620,1747,2248,1607,764,2180,2551,1137,2683,1189,3360,1080,1661,1477,1804,1376
"ENST00000248437.4 gene=TUBA4A",9436,5009,19710,7474,10127,9118,28324,12790,2435,11131,24424,20563,7740,10154,21876,3605,19446,653,17044,9585,9980,7441,9400,19444
"ENST00000312917.5 gene=PNPLA1",12316,11929,12091,15101,17160,9891,1248,911,5872,11116,4895,5164,6668,16665,15883,6402,9816,2467,13587,4533,5747,6356,5104,13771
"ENST00000354329.4 gene=MYO18A",18832,18861,43108,43318,22379,15943,23664,10723,7856,13070,6565,7151,7912,10372,15954,7440,36947,12392,45099,25369,18250,14974,4794,9423
"ENST00000400120.3 gene=ZNF705B",2862,1998,4248,8389,4814,2052,2528,880,1209,2047,3237,2262,698,1755,4701,1528,5347,385,3246,968,2375,1292,1082,1575
"ENST00000517415.1 gene=PENK",1683,2671,1398,3900,1766,1005,6068,6113,1909,2792,1204,3616,2076,2314,1967,1427,4988,2884,2283,3572,952,180,528,3832
"ENST00000368679.4 gene=ADAM12",18311,42296,123466,100158,67238,29094,6629,53624,57620,58907,62626,93276,33192,55465,68382,47253,74304,29943,106179,32871,38531,39230,17030,53334
"ENST00000398718.1 gene=DEFB113",205,204,235,203,286,146,245,152,108,132,199,198,90,128,180,93,183,80,287,136,117,72,127,201
"ENST00000502271.1 gene=ARL15",2702,3811,3598,3045,2787,1980,3286,2193,1567,1842,3297,3004,1279,1971,2647,1146,2624,1108,2724,1622,1621,1153,1513,2588
"ENST00000444716.1 gene=MYRIP",13651,10990,7434,9119,8067,6090,9794,10074,5867,5158,11864,1938,1358,4366,6386,2797,17236,4058,14165,10366,6588,8654,4445,11079
"ENST00000527845.1 gene=CKLF-CMTM1",17317,16314,9677,17454,17165,14015,11216,6673,7306,12344,24384,11965,1545,10089,15279,136,10894,8092,18820,11491,7856,9047,5189,12982
"ENST00000396153.2 gene=FAF1",67845,54152,88430,23312,26681,9748,25562,23793,14247,4328,43514,41342,20830,36673,49287,1310,90049,6611,24842,14190,9227,11841,14953,9415
"ENST00000308018.4 gene=MRPS12",773,3529,7731,5274,7597,5864,5731,8010,2847,6415,11739,9535,3058,6136,3018,1864,11367,2713,13599,2582,3693,2208,2081,6474
"ENST00000334068.2 gene=KRTAP13-4",558,605,671,546,555,379,673,488,312,323,542,482,266,391,404,240,636,228,773,366,399,236,208,404
"ENST00000463284.1 gene=TOMM7",2881,4168,3993,2986,3631,2132,3803,3766,1249,2500,3127,2617,1456,2550,506,761,6794,2163,2579,947,3107,2624,1259,827
"ENST00000557789.1 gene=SNX22",7733,19470,16483,9209,11851,9164,15960,11472,1357,5220,15500,16806,8527,10763,14748,5864,10325,4017,10963,8957,9107,7928,6126,5655
"ENST00000570264.1 gene=SYT17",4802,9589,8813,7071,6171,3398,4057,2518,4243,3761,12833,10335,2315,2781,4634,1769,6521,3345,4159,3032,4176,3685,198,3422
"ENST00000497864.1 gene=ABHD14A",2199,4910,2784,1475,6219,3209,2555,1684,1880,3303,8805,7508,1160,2607,3542,1459,4819,874,2376,410,649,1517,992,2746
"ENST00000332857.6 gene=SPATA31A6",2853,3789,4358,4066,4017,2832,3774,2582,1685,1989,4715,3771,1806,2535,3330,1754,3339,1376,4295,2583,2404,1674,1897,2769
"ENST00000310974.4 gene=DPY19L1",34955,37136,28314,28703,66533,35746,12561,4269,14495,18192,36353,29464,1429,8683,28912,9849,32588,10355,25533,13788,15128,8386,10729,23143
"ENST00000512439.2 gene=ZNF154",4806,7175,6622,5735,7790,4193,5765,4886,2912,3758,6212,5028,2199,3542,6046,2588,5850,2684,5967,3168,3397,2487,2515,3249
"ENST00000335815.2 gene=ZNF354A",9903,20378,34947,14016,45779,19856,11415,24273,12405,16329,15530,19462,3230,16824,6310,712,24417,12506,12576,6833,7423,3507,16530,9163
"ENST00000005340.5 gene=DVL2",4409,4167,4465,5766,11745,5949,6949,1632,2147,2072,8482,3326,3653,4565,4545,1936,4980,1384,7193,2401,3610,1534,3828,3736
"ENST00000329153.5 gene=PLEKHH1",24482,16929,60020,33879,19785,24072,61142,40403,18927,11223,29291,25658,21279,32717,24014,5617,5100,13475,42717,11422,26791,19881,24407,54950
"ENST00000401903.1 gene=ZFAND2A",13607,15429,898,5686,16686,9421,18682,5660,6703,8584,18278,16265,8728,9840,23657,7451,16673,6333,24193,6802,9986,6394,6291,10812
"ENST00000454689.1 gene=OVCH2",7800,9376,6107,5032,5336,2705,5749,5170,689,969,8845,6815,3136,4935,7015,3011,9117,3968,4282,889,1539,1074,3572,5933
"ENST00000248041.8 gene=CYP4F11",1989,2453,4244,4130,5249,2687,3850,2947,1572,2563,4757,3912,1596,2322,3179,1377,3357,1798,3786,2163,2415,1186,1252,2583
"ENST00000434659.1 gene=KIR3DX1",23923,29457,20105,18459,7406,12299,27445,13339,6098,11708,24246,6286,10171,11334,22206,12333,3860,4861,20218,12768,574,9544,12438,20931
"ENST00000427170.2 gene=CERS1",2413,2894,2213,2145,2913,1388,2919,1965,1325,1518,2666,2595,973,1759,1926,1017,2206,1140,3351,1513,1387,1219,1200,2066
"ENST00000432071.1 gene=VAMP8",3183,4759,4541,4239,1739,855,3495,2451,2438,2728,1438,916,1382,2373,1789,734,3369,1106,1492,522,929,853,586,451
"ENST00000495075.1 gene=MRPS22",12868,28846,16396,23403,20108,14872,32063,10132,9385,13380,30681,26663,5887,993,7208,8843,26661,15985,29646,16528,703,7011,7233,14922
"ENST00000359015.4 gene=MAP3K5",5090,8225,8127,4654,7039,4165,5947,3861,3191,3981,7417,7093,2757,2574,4615,2648,6719,2097,8963,3913,3390,3199,3019,4104
"ENST00000336767.5 gene=BRIX1",31557,21489,18110,22207,15014,14878,37709,16810,13877,22902,30738,27315,11698,6706,18078,1160,35917,20921,12348,1031,10706,611,7496,22565
"ENST00000525353.1 gene=TMEM126A",3819,975,8248,6513,5235,4968,5768,3766,2060,3577,4513,4018,797,1289,469,402,7359,1802,3331,1508,5553,3473,2486,2654
"ENST00000540693.1 gene=DGKH",22574,37201,31966,32551,32576,16892,16834,24682,5962,16260,45771,26519,11942,17583,14879,1917,22003,9018,3067,2336,5898,9971,16622,19913
"ENST00000432186.1 gene=PRR5",718,945,963,697,838,524,910,606,326,518,879,610,325,495,698,355,876,315,922,528,409,255,336,580
"ENST00000377325.1 gene=ZNF165",1525,2783,1966,2035,2310,1504,2093,1482,1086,1092,1982,2228,954,1512,1667,829,2487,1012,2187,1358,1020,780,798,1439
"ENST00000374369.3 gene=GDF5",14257,17200,6919,12388,13432,9981,16277,10938,6724,11313,6711,6188,2786,1105,2264,2972,20155,8488,19164,9000,8488,5430,2933,3070
"ENST00000563869.1 gene=SYNGR3",5856,10280,850,16958,3453,10153,20088,12088,2872,7521,13491,14393,3739,6954,14113,5981,14584,4390,9213,13653,8718,3874,7850,15118
"ENST00000374685.4 gene=RXRB",3037,2499,5512,4208,3456,2042,4347,4159,1823,2051,4921,3254,1734,2907,3224,2009,3156,1202,3717,2274,2712,2162,2123,3675
"ENST00000283550.3 gene=SPACA7",1865,3081,1492,1387,985,568,1126,882,349,521,995,812,388,932,1566,648,984,248,1303,747,998,936,1095,2208
"ENST00000375715.1 gene=ROR2",87113,185584,172077,114232,2499,52177,115124,73189,44596,56517,126725,99112,47931,76581,126145,37682,97111,42845,101599,39858,64143,44599,59475,69792
"ENST00000593376.1 gene=AL137026.1",206,247,156,87,94,58,201,129,31,35,206,189,85,112,109,92,114,23,202,122,96,75,76,93
"ENST00000580749.1 gene=OTOP3",99068,91635,69632,48366,78949,1229,84805,12351,44583,19424,126209,93996,26066,57291,43053,22589,67204,9104,100080,24202,57978,28369,15237,41150
"ENST00000596974.1 gene=FKRP",473,450,708,596,736,353,675,403,210,456,633,696,202,363,600,191,632,205,617,397,342,255,219,546
"ENST00000256969.2 gene=C12orf39",12085,12553,10329,7432,8680,6405,6270,6650,2960,3626,8394,7020,2572,2882,9234,3310,3314,2747,9043,5349,2277,609,4070,7573
"ENST00000436518.1 gene=ZDHHC8",2472,5804,4083,5212,3992,3105,4645,1713,2082,2470,4788,6853,1935,1838,1902,933,3511,2337,531,1024,1743,1073,1925,3779
"ENST00000569133.1 gene=IL17C",8790,4818,10398,8909,11729,4738,2832,6417,4890,5155,12663,5299,2012,4682,6327,2546,9109,359,21140,5460,2094,1163,4137,2864
"ENST00000355522.5 gene=C2CD4A",18823,16742,24967,22318,2792,4421,11878,2551,7495,12174,21567,18937,7813,8177,5744,5561,30487,7792,15863,11478,8378,3399,6854,6995
"ENST00000535240.1 gene=KCNJ2",1452,2022,2580,1769,2368,1682,2422,1795,1179,1441,1463,1683,788,1421,1916,763,2192,751,2314,1062,1383,937,1299,2264
"ENST00000496137.1 gene=GTPBP2",9437,10309,5723,5778,12034,10162,5373,5929,3341,2304,6765,11106,737,8574,2592,196,8226,3915,12542,5628,3427,3347,5226,11205
"ENST00000487500.1 gene=RPL7",429,636,543,472,465,399,617,358,183,319,579,409,245,322,489,211,343,200,484,289,340,257,216,370
"ENST00000472328.1 gene=IMPDH2",6741,46288,30069,17046,11342,18847,29354,13978,10569,11582,12423,21837,10767,15356,17509,10138,16235,5526,34003,15357,12853,11663,14055,225
"ENST00000418930.2 gene=E2F5",13982,31141,20328,19851,25200,14269,3700,6410,2498,5985,12955,2010,4187,6310,13306,7379,12274,5279,1714,3971,9204,3052,2512,10891
"ENST00000492619.1 gene=PAQR6",2404,4138,2520,2425,2711,1327,2465,2152,1477,1695,2483,2790,984,2087,1691,789,2049,1113,4482,952,1198,1150,1224,1815
"ENST00000006724.3 gene=CEACAM7",2893,3293,3309,3838,2800,2467,3979,2167,1262,1203,3492,2539,1207,1752,2770,1597,2240,1454,2893,2411,2003,1427,1604,1967
"ENST00000350513.2 gene=OR9A2",9490,8409,2814,4360,6508,2910,13952,6478,4982,6487,8998,6681,1320,6322,2195,1719,4928,2271,917,786,1673,698,3210,9759
"ENST00000261233.4 gene=IRAK3",63887,66398,69368,57497,17152,4879,58249,29839,43114,49516,22502,23910,35413,45816,5644,19409,48391,29666,83462,18125,42167,12894,26785,64320
"ENST00000335605.1 gene=OR5D14",3356,3016,2216,1388,5422,1990,804,2176,527,1197,3314,3994,3014,2188,4168,1345,4058,1402,2539,3454,2618,848,1960,2572
"ENST00000371721.3 gene=HTR7",63023,108339,29540,61839,35386,25944,30283,16141,8849,5538,35205,37034,26666,40116,67092,29178,54063,19531,50691,37225,6709,1001,25868,50958
"ENST00000382828.2 gene=KRTAP20-4",283,176,687,632,312,148,724,479,285,345,383,557,179,282,364,191,582,195,606,262,375,239,266,469
"ENST00000264151.5 gene=OSGEPL1",1149,1825,1613,1361,1787,1074,1815,1259,882,948,2002,1599,643,986,1529,763,1540,650,1970,932,946,655,856,1391
"ENST00000265154.2 gene=ARHGEF38",12900,27799,11438,11986,11628,9017,12162,11523,5812,8903,13788,15996,6564,8970,16062,5561,20282,9152,15241,8285,4300,3109,539,4772
"ENST00000262056.9 gene=EIF4B",11969,16860,21310,15921,13133,7501,17497,9940,11175,10641,3358,6289,13796,19707,29219,10353,38487,14297,18785,11626,8602,5641,10106,15726
"ENST00000374874.3 gene=LPPR1",1684,9598,13250,14306,12142,6054,12468,8016,12726,16464,16637,9330,7863,13444,15361,7388,13183,5318,15613,11313,8871,6108,5219,7104
"ENST00000518466.1 gene=GGH",1816,1959,1322,1539,1238,337,1729,1553,633,1186,2169,1969,595,1155,1855,1042,1567,318,2802,1211,988,655,1080,1505
"ENST00000597959.1 gene=CTD-3214H19.16",3546,6082,5637,5970,1699,2085,2838,701,2696,3930,3783,2049,1708,1413,2834,1611,2038,779,752,625,642,229,915,2459
"ENST00000330949.1 gene=SOX1",7524,6920,19583,22874,12237,12180,13349,12593,1652,1883,10918,11982,1939,2877,4233,1925,22158,9030,16403,6457,11821,7459,8487,16177
"ENST00000375826.3 gene=AGMAT",13225,19192,30267,20001,40107,31480,38623,39058,15820,14560,25260,40233,11468,11609,1751,4846,19595,12190,5354,18245,30260,19762,10443,30721
"ENST00000368100.1 gene=VSIG8",3455,1628,5282,4555,6934,3979,9918,3508,1588,2120,4428,5395,4394,5030,8254,2950,4700,1432,6105,1056,2693,1809,3831,4273
"ENST00000302362.6 gene=COPRS",7457,10757,1866,6554,6519,535,9264,5113,2334,2411,9455,6632,3144,2843,6670,5075,3875,1553,8872,2882,4248,2412,4902,7062
"ENST00000523674.1 gene=EIF3E",2979,6529,5993,5275,4735,4154,9040,6170,2331,4589,7580,5609,2469,4563,2379,2259,3202,330,2026,3623,2302,2665,566,753
"ENST00000539781.1 gene=PPIAL4A",1392,1897,858,837,1077,508,1524,1045,317,378,2004,1266,451,708,1832,732,1294,560,2465,1139,604,436,325,559
"ENST00000551598.1 gene=MCRS1",743,1683,970,445,892,605,638,516,456,512,1124,967,273,502,867,335,608,268,763,501,482,229,473,918
"ENST00000391956.4 gene=ZNF180",1959,56981,53631,93535,44142,69125,43535,6320,50269,61846,66880,35462,6000,3214,83165,34146,35368,47120,136980,39126,29431,10701,31965,69693
"ENST00000380095.1 gene=KRTAP10-10",3454,4105,1689,2253,4643,2461,2242,2824,1889,2725,5312,4100,1241,1738,717,1355,4026,1706,5296,2454,1837,1968,1342,2807
"ENST00000556137.1 gene=FRMD6",6127,6555,8127,11978,23190,9446,19311,13246,1689,2913,1698,19353,4103,6497,8845,1968,2938,1892,496,4815,7960,3304,8531,8831
"ENST00000320634.3 gene=FAIM2",21949,34071,10769,20635,27396,31212,12363,22488,24317,25416,19130,12033,14486,2194,42456,11952,23597,13185,24856,17272,10758,3710,18336,5608
"ENST00000303277.2 gene=TMEM129",19273,26803,6835,6484,13510,9051,9210,6788,2390,2905,2376,3375,5000,8194,5701,3104,13555,5317,14596,7532,6536,3974,4599,8990
"ENST00000300105.6 gene=CACNG2",15667,22618,9615,9730,13281,7407,9722,5889,2720,4898,4489,1523,2675,1148,5139,3630,14844,5394,11244,5861,9280,6524,6817,11785
"ENST00000457779.2 gene=STX4",3187,4520,4769,2916,420,281,7438,4799,2235,2841,7597,6884,2166,2987,4740,1923,5168,1326,2790,695,2522,2290,3175,5823
"ENST00000336811.6 gene=ANG",2398,3412,1037,1144,1779,1239,1969,1105,1227,1624,3636,3319,1539,2134,2993,1675,3577,1476,4496,2286,2575,1515,1437,2589
"ENST00000248089.3 gene=HCFC1R1",2230,3101,5522,4659,4957,2436,5436,2554,998,2229,5282,3261,734,727,3154,1257,756,446,4758,2406,1664,962,1519,2872
